claim,chunk,overlap,label
"Candidates must have deep knowledge and significant expertise and experience in engineering, construction, supply and commissioning of nuclear units in order to address the technical and financial requirements of the nuclear energy sector.","The inability to exercise usual stepping rights, or rights for a third-party funder to take over a project if its owner becomes insolvent, because of the regulatory framework applicable to the nuclear sector could be another barrier to the large-scale involvement of commercial banks in nuclear power projects. “Nuclear operators require to have the technical knowhow, relevant experience and financial capacity, and on top of that they need regulatory authorisation,” Vásquez-Maignan said.  In March, a spokesperson for the European Investment Bank, the EU’s multilateral tasked with development support, told NucNet that any project which the bank is to finance must be “bankable”, meaning that strict economic assessment criteria apply to selection. The key criteria for bankability vary across financiers but may include the probability of meeting the project’s financial, environmental and social goals, sufficient estimated cash flows to cover costs and produce returns that meet investor expectations. According to Vásquez-Maignan, banks also care about financial visibility around projects, which is the ability to attain accurate and relevant information in order to optimise decision making. “They want to have a business model they know they can rely on, that they can run the numbers on,” she said.  “Now the big thing is that a large nuclear power plant can generate a lot of energy, so a lot of revenue, for at least 60 years.” Experts and industry have called in recent years for renewed government support for a revival of nuclear power. Mark Muldowney, managing director for energy, resources and infrastructure at banking group BNP Paribas, told a nuclear conference in France last year that the best way of approaching the financing of new nuclear power plants is a model which involves risk sharing, including forms of state support. ",0.5384615384615384,NEI
"Duke Energy aims to submit a nuclear station application every three years, starting from 2024.","At the end of 2023, as a reaction to the war in Ukraine and rising energy prices, the government and nuclear power station operator Engie-Electrabel reached an agreement on operating extensions of 10 years for the country’s two newest reactors, Doel-4 and Tihange-3. The Brussels-based industry association Belgian Nuclear Forum said that in April 2024, 40% of electricity in Belgium came from nuclear power.  It noted that 13% of Belgian electricity is imported.  “This heavy dependence on other countries is far from ideal for our country. That is why we urge the government to scrap the nuclear phaseout and not close more reactors early.” Belgium now has five nuclear plants in commercial operation: Doel-1, Doel-2, Doel-4, Tihange-1 and Tihange-3. Doel-3 was shut down in September 2022 and Tihange-2 in February 2023. A recent Belgian Nuclear Forum poll showed that most Belgians are in favour of maintaining the operation of existing nuclear reactors for as long possible while also calling for the construction of new plants, in particular small modular reactors. The poll also showed that 70% would prefer Doel-4 and Tihange-3 to get extensions of 20 years instead of the 10 years provided for in the current agreement. Belgium currently has five operating reactors, but the number will drop to two in 2025. ",0.5333333333333333,NEI
X-energy was selected by the US Department of Energy to receive $1.2 billion in federal funding for a first-of-a-kind commercial advanced nuclear plant and TRISO-X fuel fabrication facility.,"New agreements include planned deployment of NuScale simulator Ghana could become a regional hub for small modular reactors under a cooperation agreement for the US to further support the West African nation’s use of nuclear power, The agreement, announced by US principal deputy assistant secretary of state for international security and nonproliferation Ann Ganzer, is designed to advance the deployment of a US SMR in Ghana. In a statement the US embassy in Ghana said SMRs can provide 24/7 reliable power, complement other clean energy sources, have flexible siting requirements, and use a small land area.   “US SMRs incorporate advanced safety features, including designs to withstand extreme weather and seismic events, and can be tailored to match the specific needs of a country’s power grid, with the ability to scale up as needed,” the statement said. “Importantly, SMRs can play a critical role in decarbonising non-electric sectors, such as industry and transportation. The embassy said the US and Ghana had also signed a memorandum of understanding and contractual arrangements for the provision of a NuScale Energy Exploration (E2) Center and related services at the Ghana Atomic Energy Commission.  The planned deployment of a NuScale E2 Center in Ghana — a first for the African continent — will be a key tool for preparing the workforce for SMR deployment in Ghana and beyond. The E2 Center, a simulator of NuScale Power’s SMR control room, will provide a hands-on training facility to develop and train nuclear operators and engineers. US-based NuScale is developing the Voygr small modular reactor, which can be deployed in units of 77 MW each up to 12 units for a generating capacity of 924 MW. In November 2023, NuScale cancelled a project to build a Voygr plant for a Utah power provider as costs increased. ",0.5,NEI
"MMRs usually have a design lifetime that depends on the power demand, making the lifetime of the installations compatible with data centres.","Data in the latest annual report of the Euratom Supply Agency (ESA), the body responsible for the supervision of uranium supply and demand in the EU, has shown that despite the fall in natural uranium deliveries from Russia in 2022, utilities operating Russian-designed nuclear plants had been increasing their fuel stocks until alternative fuel is available and licensed. This has led to an increase in the conversion and enrichment services delivered from Russia by 30% and 22% respectively year on year. However, 62% of enrichment services to EU utilities originated from two EU-based companies, Urenco, operating facilities in the Netherlands, Germany and the UK, and France’s Orano. In the US, according to the US Energy Information Administration, Russia has been supplying about 24% of enriched uranium with 12% from Germany and 11% from the UK. The US itself supplies 27%. Western enrichers, including Urenco, have enough capacity to meet western demand for enrichment services, according to Schucht. Uranium conversion is a “potential bottleneck” in the supply chain, he said, but Urenco “has enough stock” to feeds its centrifuge facilities. However, investment decisions for the opening of future conversion facilities should be taken within two years, Schucht warned. There is a “momentum” in how nuclear power is perceived by the public that “I have not seen for the last 30 years”, said Schucht.  “Public opinion is more positive at the possibility of more energy provision via nuclear. I believe energy security concerns in the light of the Ukraine conflict and the need for the decarbonisation of economies to meet net zero have been the drivers behind this.” Urenco has embarked on a capital investment programme to build more of the long and mid-term enrichment capacity across all its sites in the US, Netherlands, UK, and Germany. ",0.5263157894736842,NEI
"The terrain for the new units will be minimally changed, with a volume of excavation of fertile soil estimated at approximately 500,000 cubic meters.","The licence for the construction of the Akkuyu-4 was issued by the Turkish Nuclear Regulatory Agency (NDK) in October 2021.  This week’s concrete pouring was preceded by preparatory work which included dewatering, excavation of a basement pit, installation of a concrete cushion and waterproofing, reinforcement of the basement and installation of embedded parts.  The height of the concreting will be 2.6 metres with 17,000 cubic metres of concrete mix laid down. The $20bn Akkuyu is being built near Mersin on the country’s southern Mediterranean coast by Russian state-owned nuclear corporation Rosatom under a contract signed in 2010. The station will have four Generation III+ VVER-1200 units, with the first expected to come online in 2023 and a further unit starting every year afterwards. Turkey has ambitious plans to build 12 large nuclear reactors at three sites, but these still might still not be enough as the country seeks to increase energy security and further reduce its imports of natural gas from Russia, deputy energy and natural resources minister Alparslan Bayraktar told Nikkei Asia (subscription) recently. He said the country needs more reactors because the 12 already under construction or planned “will not be enough if we consider the 2050-70s”. He said Turkey is also considering the deployment of small modular reactors. He told Nikkei that Marisa Lago, the US Commerce Department’s undersecretary for international trade, and the new US ambassador to Turkey Jeffry Flake visited him to discuss the potential introduction of SMR technology to Turkey. Rosatom said the cermony maked the beginning of the main construction phase at Akkuyu-4. Courtesy Rosatom. ",0.5652173913043478,NEI
The Col is valid for 40 years from the date of issuing.,"It has been a longstanding Scottish government policy to oppose nuclear, with the focus instead on a transition to renewables. Until recently Scotland had four commercial nuclear reactors at two sites – Hunterston B and Torness. The two Hunterston B units were shut down in November 2021 and January 2022, while the remaining two units at Torness are due to close in 2028, two years earlier than originally planned. The UK trade union GMB has warned that the Scottish government’s opposition to nuclear energy is costing jobs and investment, and has called for funding to support a new generation of SMRs. In January the Conservative central government set out plans for what it claimed will be Britain’s biggest nuclear power expansion in 70 years with the possible construction of about 11 new reactors by 2050 – enough to meet a quarter of the national electricity demand. Ministers published a roadmap that recommitted the government to building a fleet of nuclear reactors capable of producing 24 GW by 2050 – an increase from around 5.8 GW today. The Labour Party has not released its manifesto, but has said it will deliver new nuclear projects. Conservative Party leader and prime minister Rishi Sunak has promised to approve the UK’s first small modular reactors. ",0.5454545454545454,NEI
"Russia is constructing the world’s first lead-cooled small modular reactor (Brest-OD-300) in Seversk as part of a facility to demonstrate an on-site closed fuel cycle, including novel fuel fabrication.","Bishkek says it is in serious need of ‘alternative sources of revenue’ Kyrgyzstan, which is considering construction of its first nuclear power plant, has lifted a ban on uranium extraction to boost the economy with lawmakers overturning a 2019 law banning the research, exploration and development of uranium reserves, the Kyrgyz parliament said in a statement.  The government has said it is lifting the ban because of a “serious need for alternative sources of revenue”.  Populist president Sadyr Japarov has long called for state-led production in the extractive industries, a policy that he first championed more than a decade ago as an opposition politician. Addressing locals earlier this year in his native Issyk-Kul Province about plans to develop Kyzyl-Ompol – a uranium deposit licensed to a private investor at the time the ban was enforced – Japarov said the site would now be “100%” developed by the state. The lifting of the ban comes as Kyrgyzstan is considering the possibility of deploying a small modular reactor power plant supplied by Russia’s state-owned nuclear corporation Rosatom, according to the central Asian country’s energy minister. Russian official news agency Tass reported minister Taalaibek Ibraev as telling Kyrgyzstan’s parliament that Kyrgyzstan is “studying the options” for building two 55-MW SMR units. In November 2022, the central Asian country signed an agreement with Rosatom to cooperate on nuclear energy, including SMR plants and nuclear infrastructure. AP reported that Kyrgyzstan’s economy suffered during the Covid-19 pandemic. It has also been hit more recently indirectly by Western sanctions on Russia over the Ukraine invasion.  It said Kyrgyzstan still has millions of cubic metres of toxic and radioactive waste left over from Soviet times and the uranium ban was introduced following anti-nuclear protests. ",0.5151515151515151,NEI
"The Dutch government has granted a loan of €80 to finance the first phase of the PALLAS project, which involves building a pool-type reactor designed to operate with low-enriched uranium.","Kallemets said “we need more construction coming into the nuclear space, not management consultants billing us, so we get advisory on construction, not on finance,” which will reduce the risks in funding first-of-a-kind SMRs.” Other experts added that a balance of investing capabilities is needed, as well as a new type of insurance for the nuclear power industry. Alice Caponiti, deputy assistant secretary for reactor fleet and advanced reactor deployment at the US Department of Energy, said at the event that the SMR industry needs to spread the first-of-a-kind cost of new build to more than one reactor, but regulatory problems have to be resolved first. She said the financial risk goes into being a first mover, so multiple users will have to come together to share the risk, but at a higher cost than we expected.” A US programme for high assay low enriched uranium, or Haleu, is available for advanced and modular reactor technologies, according to Caponity, so in the future the industry can safely make the leap to SMR deployment through efficient planning and maintaining investors trust.  Haleu uranium is enriched to between 5% and 20%, and is “required for most US advanced reactors to achieve smaller designs that get more power per unit of volume,” according to the US Department of Energy’s website. “Utilising expertise from decades before with advanced reactors is also a factor [in achieving successful SMR deployment globally], together with the launch of a €289 billion [$300 bn] loan facility within the [US] Department [of Energy] to help finance new nuclear power,” Caponity said. ",0.5185185185185185,NEI
"The system can monitor nuclear facilities faster and safer, while offering opportunities for maintenance of engineering infrastructure in challenging environments.","Party, lagging to Labour in polls, would also halve time for new nuclear approvals The British Conservative Party, trailing the opposition Labour Party in polls as the country prepares for a general election on 4 July, has promised to approve two new fleets of small modular reactors within 100 days of the next parliament, if it is re-elected. In its manifesto
released on 11 June, the party said it will also deliver a new gigawatt nuclear power station at Wylfa in North Wales and work with industry to deliver existing projects at Hinkley Point and Sizewell C. The manifesto gave no details on the SMR plans or how many units would be in each “fleet”. It said a Conservative government under prime minister Rishii Sunak would scale up nuclear power creating well-paid, high-skilled jobs and delivering cheaper, cleaner and more secure energy.  The manifesto also said the Conservatives would will halve the time it takes for new nuclear reactors to be approved by allowing regulators to assess projects while designs are being finalised, improving collaboration with overseas regulators assessing the same technology and speeding up planning and environmental approvals. “This will help the UK to become a net exporter of electricity,” the manifesto said. “And by building more electricity links with neighbouring countries, we can increase exports, make our energy system more efficient and bring additional revenue to the UK.  “We will ensure offshore cables help reduce the amount of onshore infrastructure, such as substations, that we need to build.” According to the manifesto, a Conservative government will continue laying the groundwork for nuclear projects to be taken forward in Scotland to deliver cheaper, cleaner and more secure energy. ",0.5,NEI
The Shelf-M reactor will be commissioned into commercial operation in 2030.,"Country takes step closer to setting up a regulatory authority Estonia's parliament passed a resolution on Wednesday (12 June) clearing the way for the creation of a Nuclear Energy and Safety Act, which will establish a regulatory body to oversee the safe implementation of nuclear technology in the Baltic country. Public broadcaster ERR reported that the resolution, which is non-binding, received a majority vote with 41 members of the 101-strong national assembly in favour of laying the groundwork for the nuclear energy legislation. Twenty-five members of parliament voted against the resolution and two abstained. ERR said the resolution was based on December 2023 findings from a nuclear energy working group which had confirmed the feasibility of nuclear power in Estonia and outlined a comprehensive plan to integrate it into the national energy framework.  This plan includes a detailed assessment of national security, financial risks, and ownership concerns associated with nuclear energy. In early May, 55 members of Estonian parliament submitted
the draft nuclear energy resolution. According to ERR, supporters of the resolution argue that nuclear power will complement renewable energy sources by providing a stable, continuous generation capacity, thereby reducing the variability in energy production.  Nuclear power is also expected to play a role in achieving Estonia's climate targets, securing long-term energy supply, and stabilising electricity prices. Estonia’s climate strategy includes plans for up to four small modular reactors with the first to be operational around 2035. Privately-owned Estonian company Fermi Energia plans to build at least two SMRs in Estonia using GE-Hitachi BWRX-300 reactor technology. A spokesperson for Fermi Energia told NucNet in an email that the company welcomes the parliament’s resolution but “there is a lot of work ahead”. Fermi Energia continues to prepare the application for the national designated spatial planning and various works for procurement preparation, training and recruitment of necessary personnel and cooperation with communities, the spokesperson said. ",0.5,NEI
"Japan's reprocessing and MOX plants have experienced numerous delays, including a 26th postponement.","Over the next 12 months, three or more applications for advanced modular reactors are expected to be submitted to the US nuclear Regulatory Commission and two or more advanced reactor projects are expected to begin construction, according to Korsnick Additionally, the “Canadian Nuclear Safety Commission is likely to approve the construction permit for the GE-Hitachi BWRX-300 at Ontario's Darlington site,” she said. In addition to 12 submittals for 20-year licence renewals, one more plant will be added to this list and will submit a licence renewal application to the NRC this year, Korsnick also said. “Several utilities are preparing numerous power uprates, with a cumulative capacity increase of approximately 2.5 GW of new carbon-free generation, the equivalent of more than two large light-water-reactors,” Korsnick said. “Utilities are now extending the lives of some plants to 80 years and taking steps to restart others, like Holtec’s Palisades plant in Michigan, while in California, the Department of Energy reached an agreement with PG&E to support extending operations of Diablo Canyon,” Korsnick noted, saying that “since her last speech [in 2023] , we have seen significant progress in the industry”. Korsnick said that over the last 12 months the industry has advanced more applications through the regulatory process, including applications from Kairos Power, NuScale and the Bill Gates-founded TerraPower, which submitted a construction permit application for its Kemmerer, Wyoming Natrium plant and plans to break ground “just a few weeks from now”. ",0.5,NEI
The IAEA teams at the Rivne and Khmelnitsky NPPs reported that their mobile phone network had occasionally been disrupted in recent days due to a cyber attack on Ukraine’s communications network.,"The six small modular reactor (SMR) developers shortlisted in Great British Nuclear’s (GBN’s) competition now have an extra two weeks to submit documentation due to the General Election. The deadline for submitting project documentation has been pushed back from 24 June to 8 July. GBN said no further details were able to be shared due to restrictions on government communications during the pre-election period. Energy business publication Energy Intelligence reported that a request for the delay had come from one of the four US-based prospective SMR firms. The six firms that were shortlisted in October 2023 for government support to deliver a new wave of nuclear reactors are EDF Energy, GE-Hitachi Nuclear Energy International, Holtec Britain, NuScale Power, Rolls-Royce SMR and Westinghouse Electric Company UK. Of those, GE-Hitachi Nuclear Energy International LLC, Holtec Britain Limited, NuScale Power and Westinghouse Electric Company UK Limited have American parent or partner companies. The competition winner will receive government backing to deploy a fleet of SMRs in the UK. At the time of the competition announcement, GBN chief executive Gwyn Parry-Jones said parties would be “aiming for a final contract agreement in the summer”. SMRs are nuclear power stations that have lower capacity than large-scale nuclear plantsusually in the 300MW to 500MW range. They are in theory quicker and cheaper to deploy and their construction will be easily repeatable thanks to their modular design, which will see parts created in a factory. Even if not successful in GBN’s competition, many of the shortlisted firms have signalled intent to deliver SMRs in the UK. ",0.5,NEI
"The government must work on stabilising external factors such as inflationary pressures, high cost of borrowing, and electricity to encourage investment in industries.","“Our aim is to deliver the fastest competition of its kind in the world,” Coutinho wrote. Coutinho said in her letter the government would “maintain flexibility” over the specific technologies it would pursue, to ensure value for money. She said the government would offer more clarity on the “optimal mix” of nuclear technologies as the programme develops. Until SMRs were deployed commercially, it would not be possible to quantify the potential savings they could offer, she wrote. In a 3 May statement Dunne said: “I thank the secretary of state for this response, though at this stage of technology development it is perhaps not surprising that it leaves several important questions unanswered.  “Will small modular reactors play a substantial role in decarbonising the UK’s energy supply? What would that cost the taxpayer and the electricity consumer? These are questions we still don’t know the answers to. “The committee cannot gain a clear picture of the cost savings SMRs could deliver, as well as the likely investment needed to enable the first SMR projects to begin generating power, until such time as the design competition has concluded and the successful bids been evaluated. “The government’s past experience with complex and often expensive nuclear projects makes its caution understandable,” Dunne said.  He said it will be down to the new parliament – due after a planned general election expected by January 2025 – to gain much greater clarity from the government on the role to be played by SMRs in decarbonising the country’s energy mix, and the resulting risks to be borne by taxpayers and electricity consumers. Courtesy visitlondon.com. ",0.5217391304347826,NEI
About 6 GW-12 GW of small modular reactor capacity will be needed.,"Head of nucleareurope says small modular reactor alliance has already created momentum Brussels-based nuclear industry group nucleareurope has welcomed the outcome of the European elections saying it signals “evolution rather than revolution” and support for the sector across parliamentary groups will be higher than before. The group’s director-general, Yves Desbazeille, told NucNet that technology neutrality in energy sources should be the key prerogative for the newly elected European Commission and lawmakers in the European Parliament when political, regulatory and financial decisions are taken. With counting finished in 15 of 27 countries for a total of 720 seats in the European Parliament, provisional results show gains for the centre-right European People’s Party (EPP) with 189 seats, an increase of 13 seats, followed by the Socialists and Democrats with 135, down by four seats. Greens across Europe appear to have been one of the main casualties, predicted to lose around 18 seats in the new European Parliament. Most EU countries where the EPP won have plans to expand or build new nuclear units for the first time, including advanced reactors and small modular reactors. Those countries include Poland, Bulgaria, Belgium, Romania, Slovenia, Sweden and Finland. In other EU nuclear countries such as the Netherlands and the Czech Republic, the EPP has come second.   Desbazeille said: “I think for me, the general outcome is good, even if there is no revolution. I would say it’s more an evolution than really a revolution.” He said the poor results for the Greens mean they will not be able to bar nuclear in the next Commission. He said: “I think what the Greens want today is really to save the European Green Deal, a set of policy initiatives by the Commission with the overarching aim of making the EU climate neutral in 2050. ",0.5,NEI
Rolls-Royce's small modular reactor division is developing land-based nuclear plants.,"He said “lately, in 2024, we have realised that nuclear plants could get a new financial deal through green bonds, which could help refinancing projects”. As far as the role of the development banks is concerned, Kovachev said that the European Bank for Reconstruction and Development (EBRD) “is the only international financial institution currently with unique expertise for nuclear safety upgrading programmes in a number of central and Eastern European countries”. “At the end of 2023, the bank reviewed  its energy strategy which does not include financing new builds, however it will continue to be focusing on projects for decommissioning, environmental remediation, safety upgrades including as fund manager in countries like Lithuania, Slovakia, Ukraine and Bulgaria,” Kovachev added. “The investment banks are also observing the SMR [small modular reactor] market,” said Kovachev, who is also a board member at the International Bank for Nuclear Infrastructure’s (IBNI) strategic advisory group. The IBNI is expected to be established between 2024 and 2026.   “IBNI is needed in the global efforts to triple existing nuclear power capacity from 400 GW to 1,200 GW by 2050, as agreed at Cop28 in Dubai, as well as to sustain the level of standardisation and harmonisation, and to support investment from private and public funds,” Kovachev said.   According to Kovachev, organisations like the European Investment Bank (EIB) can improve the financial environment for nuclear power plants, although the EIB does not currently support nuclear power. However, commercial banks now have decarbonisation portfolios as priority which is “advantageous to nuclear power”, Kovachev added. Bulgaria wants to build two new AP1000 nuclear power plants at the existing Kozloduy site. Courtesy KNPP. ",0.5384615384615384,NEI
Prodigy is developing an SMR power plant deployable at the shoreline for coal replacement and grid-scale power generation.,"“I cannot speak in their name, but it’s clear for me that if they want this objective to be pursued, keeping the Green Deal and not, I would say, diluting it in other things, they will have to accept nuclear as part of the solution."" Desbazeille said the European Industrial Alliance on Small Modular Reactors, which was officially launched by the Commission on 29 May, has created political momentum.  “For the first time, the EC has taken a positive step to nuclear, so this represents support for the technologies,” Desbazeille added. “It helps countries to remove the barriers against deployment, so the scale [of unit production] is available, while the licensing process has got a European approach, with regulators getting together at an early stage,” he said. Removing barriers to SMR finance is a step in the right direction, according to Desbazeille. “The SMRs face a common issue, as first-of-a-kind they will be expensive, but the market is wide enough to trigger manufacturing processes to lower the cost per unit,” he said. “Today there is a race for any developer and vendor to get enough prospects for 30 units, and in the West, only Europe has got this market,” Desbazeille noted. “We do not know which technology will prevail, but advanced reactor technology will benefit the nuclear power industry as a whole. What is certain that we have to be sure to promote the benefit to the nuclear industry.” Yves Desbazeille said technology neutrality in energy sources should be the key prerogative. ",0.5,NEI
The Netherlands is considering the construction of two new nuclear power plants.,"Industry group calls on government to scrap plans to shut downs reactors Belgium, which is phasing out its nuclear power plants, will not meet European targets for renewable energy and greenhouse gas emission reductions by 2030, even if the key policy measures are implemented, the independent Federal Planning Bureau has warned. The European target is to increase the share of renewable energy in Belgium to at least 32% by 2030, but Belgium’s current policies predict this share will only reach 24%. Additionally, Belgium will fall short of the goal to reduce greenhouse gas emissions by 47% compared to 2005 levels. Some sectors, such as residential and services, will make significant progress, achieving reductions of 54% and 62%, respectively. However, the transport sector will only see a modest reduction of 11%, partly due to the slow transition from fossil fuels in this sector.  In the longer term, Belgium’s emissions will decline more slowly, partially due to the delayed phaseout of carbon-based energy in industry and electricity production.  “By 2050, these sectors would still be significantly using fossil fuels. This indicates the need for either stringent pricing in the emissions trading system or an incentive-based policy focused on emission-free technologies,” the planning bureau said. Belgium plans to revise its energy mix, relying more on wind, solar, and gas. Nuclear energy and bioenergy are set to be phased out according to current legislation. This is despite prime minister Alexander De Croo’s recently support of nuclear energy. In March, he hosted the first Nuclear Energy Summit in Brussels, emphasising the importance of nuclear power for achieving energy security and climate goals.  However, the phaseout legislation has been championed by his party for over two decades and the plan to gradually reduce nuclear energy production remains, with the last two nuclear power plants scheduled to shut down by 2035. Nuclear production will primarily be replaced by wind power.  ",0.6363636363636364,NEI
"The new estimate makes the NuScale SMR about as expensive on a dollars-per-kilowatt basis ($20,139/kW) as the two-reactor Vogtle nuclear project currently being built in Georgia, undercutting the claim that SMRs will be cheap to build.","Falchi said “EDF is looking forward to see an overall roadmap for nuclear power in the UK, so that the country can reach serial production of the same reactor.” Such a roadmap should also include information on the potential location of new units in the country, she added.  Realising the promise of SMRs is a priority, including the delivery, cost and use of UK made nuclear fuel, said Rory O'Neil, director of government affairs, Westinghouse UK. He added that “there will be a global supply chain” for SMRs.   “SMR procurement and [SMR] competition work is GBN’s most high profile workstream, although I also have AMR [advanced nuclear reactor] responsibilities”, said Gwen Parry-Jones, GBN’s interim chief executive officer at the annual Nuclear Industry Association conference in London earlier this month.  She said that maximising the ability to put nuclear power on the grid is key, as well as the need to work with a future system operator. A further priority is “the use of regulation and creation of a system for modularisation”, of new nuclear units, she added. “The nuclear roadmap, which is expected in January 2024, is built on specific points,” she said.  GBN is also planning to publish documents about siting principles and routes to markets, along with the nuclear roadmap.  EDF is competing with other developers to build SMRs in the UK, although the company has the advantage of being an established player and investor in the UK nuclear power market.  EDF has been selected by the UK government to participate in the next stage of the competition to develop one or more SMR designs in the UK, alongside GE-Hitachi, Holtec Britain, NuScale, Rolls-Royce SMR and Westinghouse.  ",0.5135135135135135,NEI
"New types of reactors are increasingly dispatchable and can meet baseload demand for clean generation on a utility or distributed energy scale. For example, micro modular reactors are under development that can replace the existing diesel generation infrastructure for smaller-scale applications.","Nuclear phaseout leaves country facing significant reliance on energy imports Small modular reactors could potentially transform the Belgian landscape by addressing some of the toughest challenges of the 21st century including security of energy supply, sustainability, and energy affordability, a report by consulting firm KPMG concluded. KPMG said SMRs could offer Belgium benefits including flexibility to accommodate intermittent renewable sources, stable and reliable baseload generation, and improved investment attractiveness and inherent safety. KPMG said Belgium’s partial nuclear phaseout means it will face the prospect of relying significantly on energy imports as its energy demand is expected to exceed the potential of local renewable energy production.  The situation can be improved if the country “invests considerably” in renewables and new nuclear capacity, said KPMG. The report said that Belgium will require a substantial amount of energy to feed its industry. According to KPMG, SMRs can address a number of industrial challenges beyond the production of low-carbon electricity, like the potential to produce high-temperature heat and support hydrogen production through electrolysis. Flexible and modular designs mean these reactors could contribute to ensuring security of electricity supply and hold the capability to adjust power output as electricity demand fluctuates throughout the day, said the report. KPMG said SMRs are “financially attractive” because of “the lower upfront costs and faster deployment compared to larger reactors, scalability and flexible site selection including remote or off-grid areas.” It said there could be a “learning curve effect” when it comes to SMR costs, with standartisation expected to bring economics of scale as new reactors come out of their first-of-a-kind (Foak) phase. KPMG warned, however, that funding of new SMR projects in Belgium will be the most immediate challenge as reactor developers see themselves only as providers of technology, not project developers. The company identified three potential pitfalls related to financing: financing project development, developing appropriate funding mechanisms and financing project delivery. ",0.5142857142857142,NEI
"The White House has revealed plans for a deployment programme for advanced nuclear reactors, including modular- and micro-reactors, to power “multiple” US Army bases.","With counting finished in 15 of 27 countries for a total of 720 seats in the European Parliament, provisional results show gains for the centre-right European People’s Party (EPP) with 189 seats, an increase of 13 seats, followed by the Socialists and Democrats with 135, down by four seats. Greens across Europe appear to have been one of the main casualties, predicted to lose around 18 seats in the new European Parliament. Most EU countries where the EPP won have plans to expand or build new nuclear units for the first time, including advanced reactors and small modular reactors. Those countries include Poland, Bulgaria, Belgium, Romania, Slovenia, Sweden and Finland. In other EU nuclear countries such as the Netherlands and the Czech Republic, the EPP has come second.  ",0.5217391304347826,NEI
Canada has taken an early lead in deploying a new generation of SMRs.,"Even for those of us who are hopeful about SMRs there are worries, however, mostly tied to the speed of a wider rollout of the technology. While the energy sector’s excitement about innovation and development of new technologies is paying dividends, there needs to be a shift of focus, near term, towards safe deployment. To achieve this as quickly as possible we need repetition and reliable replication, meaning the manufacture of a fleet using the same standardised and proven design. Once a standardised model is achieved rapid deployment becomes simpler. There is no need to reinvent the wheel both within and across markets, but rather to focus on efficient and standardised deployment. Finding the right balance between remaining fresh and innovative and providing steady progress can seem difficult, but it is entirely possible. Perhaps the most famous example of this is the French nuclear programme which was deployed throughout the 1980s. The programme remains a beacon of success in widespread deployment, as approximately 70% of the country’s electricity is now derived from nuclear energy. This is the highest percentage in the world and France is also the world’s largest net electricity exporter, with the UK being a major customer of French electric power. France was not always in a position where it had excess energy to export. In the 1970s, prior to its nuclear reinvigoration, it primarily imported its electricity. The risks that came with this were made painfully clear during the 1973 Oil Crisis when the OPEC countries turned off their taps, causing a sea shift in France as the focus of energy policy became national independence rather than reliance on foreign markets. This approach was expensive in the short- term, but the eventual payoffs are undeniable. ",0.38461538461538464,SUPPORT
Sizewell C will be a major piece of our energy infrastructure helping us achieve our ambition of up to 24GW of low-carbon nuclear power by 2050.,"“It’s a win for our energy security and sends a strong message to investors that Britain is serious about its low-carbon, homegrown nuclear-powered future, providing reliable, cheaper power for British families.” Sizewell C joint managing directors Julia Pyke and Nigel Cann, said: “This significant investment underlines the importance of Sizewell C for Britain and is a further sign of confidence in our team to deliver it. “With the project now in construction, the funding means we can step up activity in Suffolk and deliver on our commitments to local communities. “Sizewell C will build on the huge contribution of Hinkley Point C in restarting nuclear construction in Britain. “It will bring another big boost to British nuclear skills and training, putting the industry in an even better position to deliver the other projects this country needs for its low carbon future.” According to the government, Sizewell C will generate 3.2GW of electricity, equating to 7% of the UK’s needs and enough to power up to 6 million British households for over 60 years. ",0.5416666666666666,SUPPORT
Advanced small modular reactors are approaching commercial readiness.,"[Modern Approach to Small Nuclear Reactors Picks Up Momentum]( Transformative developments in the field of nuclear energy have led to a growing interest in Small Modular Reactors (SMRs), which are nuclear reactors with a capacity of less than 300 MWe. The development of SMRs has been driven by the need for clean, safe, and flexible energy sources to meet the growing energy demands of the world. Generally, modern small reactors for power generation, and especially SMRs, are expected to have greater simplicity of design, economy of series production largely in factories, short construction times, and reduced siting costs. Such reactors are also designed for a high level of passive or inherent safety in the event of malfunction. [ ''Modern'' lol . Western countries  forgot how to build big reactors ( also big thanks to white Baizuo and big oil/gas ). LWR SMR's are a niche thing ( LWR SMR's maybe not -but it's to early to tell) - BWRX-300 for example is great for a small country like Estonia or replacing some small coal plant . ",0.5,SUPPORT
Nuward is a 340 MWe SMR comprising two 170 MWe independent reactors housed in a single building.,"EDF’s NUWARD is a 340MWe SMR plant with two independent reactors (170MWe each) housed in a single nuclear building, optimising the use of mutualised equipment. It introduces a balanced approach to utilising proven technologies and integrating innovations to increase constructability, operational competitiveness and environmental performance. NUWARD says it is “a fully integrated Generation III+ pressurised water reactor (PWR), meeting the highest safety standards”. The design is focused on standardisation, modular manufacturing and simplicity for in-factory mass production, flexibility in the construction and operation phases. It is designed to support load following and adapted also for non-electric usages. It will have an operation cycle of up to 24 months and a design life of 60 years with fully digital I&C. The core will hold 76 fuel assemblies. The nuclear island building is semi-buried with a fully integrated reactor pressure vessel (RPV), and passive safety cooling system. The NUWARD SMR is being reviewed jointly by three safety authorities: France’s ASN), the Czech Republic’s SUJB) and Finland’s STUK. Above: Artist's impression of the NUWARD 340MWe SMR (courtesy of EDF) ",0.7333333333333333,SUPPORT
"The IAEA experts at the Khmelnitsky, Rivne and South Ukraine NPPs as well as at the Chornobyl site have reported that nuclear safety and security continues to be maintained, despite multiple air raid alarms over the past week.","The International Atomic Energy Agency (IAEA) has carried out nuclear safety and security missions at Ukraine’s Khmelnytskyy and Rivne Nuclear Power Plants (NPPs) as part of its ongoing and intensifying activities to help avert the danger of a nuclear accident during the current armed conflict in the country, Director General Rafael Mariano Grossi said. The two expert missions, requested by Ukraine, took place a week after the IAEA went to the South Ukraine NPP to also provide on-site assistance and support in nuclear safety and security, and two weeks after a similar mission to the Chornobyl site. While IAEA has a premanent presence at the Zaporizhzhya NPP, Grossi said: “At the same time, however, it is very important that we don’t forget Ukraine’s other nuclear power plants. They may not be directly on the frontline as Zaporizhzhya is, but they are in a country at war and the potential nuclear safety and security risks are very clear. In recent weeks, our experts have conducted work aimed at reducing those risks, and this will continue as long as it is necessary.” This expert mission assessed the nuclear safety and security situation at the two plants and identified their future equipment and other needs for follow-up action by the IAEA. This will also inform the forthcoming planned continuing presence at these plants, including the South Ukraine and Chornobyl NPPs. ",0.625,SUPPORT
"The BN-1200M reactor is described, suggesting that technical details of a specific model of SMR have been developed.","Excellent news. SMR   is good choice Great! Though I still kinda think 300MWe is more of a Medium Modular Reactor. Whatever the name, bring it on! ",0.3333333333333333,SUPPORT
The decommissioning of industrial uranium-graphite reactors ADE-4 and ADE-5 was completed in full and on time for a total cost of RUB412m ($6m),"Russia’s Experimental-Demonstration Centre for Decommissioning Uranium-Graphite Nuclear Reactors (UDC UGR, part of state nuclear corporation Rosatom) has completed the dismantling and fragmentation of technological equipment and pipelines at the industrial reactors ADE-4 and ADE-5 at the Siberian Chemical Combine (SCC) in Seversk. The AD series reactors, designed by OKBM, are water-cooled uranium-graphite thermal neutron reactors. A total of five industrial uranium-graphite reactors operated at SCC: I-1, EI-2, ADE-3, ADE-4, ADE-5. They were intended for the production of plutonium with ADE-4, ADE-5 also producing production of thermal and electrical energy. The decommissioning of EI-2 was formally accepted as completed by a government commission in 2015 – the first ever decommissioning of a commercial uranium-graphite reactor. To guarantee safe storage of the reactor for tens of thousands of years, SCC in 2010 established UDC UGR, which, in co-operation with leading research centres of the Russian Academy of Sciences, developed a unique decommissioning technology whereby all reactor cavities were filled with a mix of natural clays. ",0.7391304347826086,SUPPORT
"The ZNPP remains dependent on its only functioning 750 kV power line after the disconnection of the 330 kV line on February 20, and reactor unit 1 maintenance activities have been postponed until the 330 kV line is reconnected.","On 4 April, it was reported that the plant’s 330 kV back-up line had been disconnected amid renewed indications of military activity in the area leaving the plant entirely dependent on its sole remaining 750 kV line for off-site power. Since August 2022, the ZNPP has suffered eight events with a complete loss of off-site power, most recently in December last year. The 330 kV line was also disconnected for three weeks earlier this year, but the main 750 kV line remained available at that time. An earlier IAEA update on the plant, before the drone attacks, said the IAEA team at ZNPP had been informed that the plant was assessing the future operational status of its only heat-generating unit after the nearby town of Enerhodar – where most plant staff live – officially ended the winter heating season. ZNPP stopped producing electricity for the national grid in September 2022, but kept at least one of its six units in hot shutdown to provide district heating as well as process steam for liquid waste treatment at the site – currently Unit 4. “A decision to move Unit 4 to cold shutdown would be more favourable for nuclear safety and security, but it should not detract from the fact that the situation at ZNPP remains highly precarious, as this morning’s power loss once again demonstrated,” Grossi said. Meanwhile, the IAEA team had continued to conduct walkdowns at the site, including to some of the reactor units as well as the ZNPP inlet and discharge channels, where they also observed the cooling towers and their pumping station. ",0.6,SUPPORT
The construction of the pit for the turbine island at Leningrad-II's Titan-2 is planned to be completed by November 2023.,"Russia’s Titan-2 holding (part of Rosatom) has signed a contract for the construction of units 7&8 at the Leningrad NPP (LNPP), also known as Leningrad-II 3&4, with VVER-1200 reactors. Titan-2 the general contractor for the project and is now beginning preparatory work such as deforestation. The next step will be the vertical planning of the territory, which will prepare the industrial site for the development of pits. During the construction of Leningrad-II units 1&2, Titan-2 specialists used unique construction technologies including open top installation technology. This method makes it possible to install large equipment in the reactor building through an open dome, which significantly reduces construction time and provides the customer with timely commissioning and preparation of the power unit for launch. This is now widely used by the holding's specialists at other construction sites, including the Akkuyu NPP in Turkey. The holding's specialists plan to complete all the preparatory work at Leningrad by the end of this year in order to launch full scale construction next year. In June, Sergey Prokhor, Chief Engineer of the LNPP Capital Construction Department said the two new units would begin construction in 2024 and 2025 for completion in 2030 and 2032. First concrete for unit 7 is expected in June 2024 and for unit 8 in May 2025. Currently Leningrad NPP has four units in operation – the original units 3&4 with Soviet RBMK-1000 reactors, as well units 5&6 (or LNPP-II 1&2) with new VVER-1200 units. Units 5&6 replaced units 1&2 with RBMK-1000 reactors, which were decommissioned in 2018 and 2020. The new units 7&8 will replace the original units 3&4. ",0.6666666666666666,SUPPORT
72h no manual action time limit is typical for gen 3+ reactors,"Compare that to NuScale, which stores 30 days of water, at which point air cooling is sufficient to avoid meltdown.  I think we should aspire to that level of safety for all new reactors. Why do you consider 72 hours insufficient? Because 72 hours means that human intervention is required to avoid a meltdown. Plants should just be safe by default. All plants will require human intervention eventually. 
Even the active plants will turn on there diesels and run for days or weeks. 72 hours is a really really long time to get a single pump running and operate a valve. If humanity is unable to kick a mobile pump on in 3 days humanity has all but perished with no hope of recovery anyways. If we're going to build thousands of these things around the world to combat climate change, then I would much rather put my faith in a small number of engineers today, than a large number of operators tomorrow. I conceptually quite like the BWRs. I do wonder if Vogtle would have gone more smoothly by building ABWRs or ESBWRs. Much less of a design leap between the BWR/6 and those than between a late Westinghouse 4 loop like Byron/Braidwood and the AP1000. And as a materials engineer, the lack of boric acid in the RCS is always a plus Less about the components, I was more on the infrastructure, switch yard, COL, and current poured concrete. Agreed it is a long shot but if there was another large plant that would be my guess. Similar to watts bar 2, finished several years later. There's no appetite for large gen3. Nuscale and GE Hitachi BRWX-300 SMRs will see the love in coming years in the US. Ap1000 with the water tank on the top of the reactor casing for pump failure emergencies ",0.5,SUPPORT
"One reactor is continuing to operate at the KhNPP, while the second unit remains in planned outage.","As a result of the warmer weather, the operator has started to put reactor 6 in cold shutdown, leaving only unit 5 in hot shutdown to produce hot water and steam for the site. The two reactors were in hot shutdown during the winter to provide steam and heating to the ZNPP as well as heating to the nearby city of Enerhodar, where many plant personnel live, IAEA said. This was confirmed by the ZNPP website. “In connection with the end of the heating season in the city of Energodar, the leadership of the Zaporizhia NPP decided to transfer the reactor unit 6 to the state of cold shutdown.” The plant gave a general update on the situation. “Currently, unit 1 is undergoing scheduled repair and the reactor is in cold shutdown. Unit 3 is undergoing scheduled repair and the reactor is “awaiting repair”. Units 2 and 4 are on standby with the reactors in cold shutdown. Unit 5 is on standby with the reactor in hot shutdown, providing, heat for the station’s own needs. “After the shutdown of the four main circulation pumps at unit 6, the released capacities will be redistributed to ensure the operation of the plant’s hydraulic structures.” Image: Zaporizhia nuclear power plant (courtesy of Rosatom) ",0.4375,SUPPORT
"Transporting unused fuel through Finland is a very well-established activity, and STUK checked the plan for that transport and for earlier related security plans.","Russian nuclear fuel has been transported via Finland by air despite Russia’s special military operation in Ukraine, YLE news reported. Two planes carrying Russian nuclear fuel recently left Helsinki Airport for an undisclosed destination, the paper said. The previous such delivery took place in November. Fuel was then loaded onto two planes in Lappeenranta, eastern Finland, bound for Bratislava, Slovakia. Petteri Tiippana, Director General of Finnish Radiation & Nuclear Safety Authority (STUK – Säteilyturvakeskus), confirmed that two planes loaded with nuclear fuel had left Helsinki Airport but declined to comment on the destination. Similar deliveries pass through Finland a few times each year, he said. According to the aviation tracking site Flightradar24, two Swiftair planes left the airport bound for Brno in the Czech Republic, YLE reported. The Spanish airline Swiftair does not operate regular passenger flights through Helsinki. The Czech Republic, Slovakia and Finland are among the EU countries that are still using Russian nuclear fuel for their Soviet-built NPPs. Nuclear fuels are not subject to EU sanctions imposed on Russia. Rosatom fuel company TVEL currently supplies fuel for Finland’s Loviisa NPP, which comprises two VVER-440 reactors. During the November fuel delivery to Slovakia, two lorries arrived at Lappeenranta airport with a police convoy in the early evening. The vehicles were loaded with long pipes marked with radiation hazard symbols. YLE reported the presence of personnel from STUK, staff from Fortum's Loviisa NPP as well as police officers from all over southeast Finland. Airport crews loaded the cargo onto two Swiftair planes bound for Bratislava. ",0.43478260869565216,SUPPORT
"Four VVER-440 units are currently in operation at the Dukovany site, which began operating between 1985 and 1987.",2030: start of construction 2035: fuel loading and start-up 2036: start of two-year trial operation Image: The existing four VVER-440 units at Dukovany (courtesy of ČEZ) ,0.47368421052631576,SUPPORT
"The Rooppur plant will comprise two VVER-1200 reactors: Rooppur 1 is scheduled to start operating in 2023, followed by Rooppur 2 in 2024.","The Rooppur plant is being built by Rosatom on the eastern bank of the Ganges River in Bangladesh’s Pabna district, about 160 km northwest of Dhaka. It will comprise two VVER-1200 reactors. In November 2011, Russia and Bangladesh signed an inter-governmental agreement on cooperation in the construction of the NPP and in mid-December 2015, a general contract was signed. Construction began in 2021. Construction of the unit 1 began in November 2017 and unit 2 in July 2018. All the plant's fuel is being provided by Rosatom under a contract finalised in August 2019, and the final protocol approving deliver was signed in May. The used fuel will be returned to Russia for processing. ",0.7142857142857143,SUPPORT
"Construction of units 1-3 began in April 2018, April 2020 and March 2021, respectively.","The GDF is planned to be built and commissioned in 2068. Site approval is expected by 2047. Until that time, the concept will be adjusted depending on the progress of the project. ",0.21428571428571427,SUPPORT
The global industry and international organisations including the International Atomic Energy Agency and World Nuclear Association stand ready to support Kazakhstan as it works towards a decision.,"As well as being a reliable and responsible supplier of uranium to the global community for more than 25 years Kazatomprom wants to have an active role in producing uranium fuel for Kazakhstan's nuclear plant, the company's CEO Meirzhan Yussupov said. The company is also considering potential investment in nuclear fuel cycle services to further leverage Kazakshtan's uranium resources to accelerate the nuclear programme, particularly through uranium conversion and enrichment. But such investment decisions are also a ""delicate balance"" that will take into account market dynamics, Yussupov said. Subject to the necessary investment being forthcoming, Kazatomprom is ""ready and interested"", he said. Kazakhstan already has a degree of capacity to support a nuclear energy programme, from its experience with its current research reactors and the BN-350 fast reactor as well as its natural uranium industry, and already has a strong nuclear regulatory regime. Kazakh institutions are ready to develop the workforce that will be needed, said Erlan Batyrbekov, director general of the National Nuclear Centre of the Republic of Kazakhstan. The National Nuclear Centre is also providing support to efforts to provide information to the Kazakh public and the government ahead of the referendum, he said. is an international event held in a country considering starting or re-starting a civilian nuclear power programme. Kazakhstan is well placed to take advantage of the benefits that nuclear will provide, and the entire global nuclear community is ready to support it in its efforts, World Nuclear Association Director General Sama Bilbao y Léon said. ""Each country must take a serious, pragmatic assessment on what it will take for that country to reach net zero in a way that is both effective and equitable,"" she said. ",0.6666666666666666,SUPPORT
"Bulgaria's Energy Ministry noted: ""Bulgaria cannot afford to engage in a long, expensive and vague project. It must move quickly in line with the common European energy market and invest in realisable new alternative capacity.""","The Council of Ministers has now approved a strategic vision for the development of the power sector for 2023-2053. The document focuses on several key priorities. First and foremost, Bulgaria must remain a regional leader in electricity production and export. The protection of national and energy security, as well as the sustainable use of local energy sources, are also top priorities, as well as a transition to decarbonisation for the coal regions and protection against energy poverty. The document envisages the use of indigenous lignite resources until 2030 and its gradual reduction and phase-out by 2038. This will help to maintain energy and national security, as well as the country's role as a regional leader in electricity production and export. In the nuclear power sector the strategy provides for construction of four reactors which will replace those due for decommissioning. It specifies that two reactors are to be built at the Kozloduy site and two more at Belene. Caretaker Energy Minister Rossen Hristov has said that Bulgaria should aim to have 4,000 MWe of nuclear capacity, and to this end it should negotiate with all leading companies such as Westinghouse, Framatome and EDF and not just the USA. Image: Kozloduy nuclear power plant (courtesy of Kozloduy NPP) ",0.3870967741935484,SUPPORT
"SMR-160 uses the same fuel assembly type and enrichment levels as PWRs currently in operation, making it licensing friendly.","Holtec’s SMR-160+ small modular reactor is a PWR that uses low-enriched uranium fuel. The design, which has been in development since 2010, features a reactor core and nuclear steam supply system components that are located underground, as well as a passive cooling system that would be able to operate indefinitely after shutdown. No active components, such as pumps, are needed to run the reactor, which does not need any on-site or off-site power to shut down or dissipate decay heat. A key part of the SMR-160 roll-out as envisioned by Holtec is to deploy the reactor as a replacement for the boilers found in coal-fired power stations and reusing the majority of the existing assets. The use of multi-stage compressors that are capable of uprating SMR-160’s steam (700 psi @ 595 Deg F) to the elevated pressure and superheat needed to run the turbogenerator of a fossil power plant are a critical part of this plan. Furthermore, the ability of the SMR-160 to deliver steam at any desired pressure also opens new development opportunities, such as using high-pressure steam for industrial applications. Having been shortlisted, the aim is to start construction of the first UK SMR-160 unit as early as 2028 and Holtec intends to deploy 32 SMR-160s in serial production by 2050 across the UK, amounting to 5.1 GW. This year South Korean national financial institutions K-Sure (Korea Trade Insurance Corporation) and Kexim (Export-Import Bank of Korea) signed agreements with Holtec and Korea’s Hyundai Engineering & Construction to provide financial support for SMR-160 projects around the world. ",0.4,SUPPORT
Vistra operates the Comanche Peak plant and its used fuel storage facilities in Texas.,"Davis-Besse Nuclear Power Station. (Credit: Theanphibian at en.wikipedia) Nuclear’s place is as part of a “zero-carbon generation and retail growth company” in the USA, according to US utility Vistra. The company expects to complete closing in the last quarter of 2023 on an acquisition of Energy Harbor’s nuclear and retail businesses. The deal received Nuclear Regulatory Commission (NRC) approval in October and awaits clearance from the Federal Energy Regulatory Commission. Vistra currently owns the 3800 MW Comanche Peak nuclear plant in Somervell County, Texas, and it has 4 million retail customers. At the closing of the transaction, Energy Harbor will merge with Vistra and the Ohio-based company’s assets – which include the Beaver Valley, Davis-Besse and Perry nuclear stations – will be combined with Vistra’s nuclear and retail assets to become a 7,800 MW generation business with around 5 million domestic customers. The combined business will join with the existing Vistra Zero renewables and storage projects under a newly- formed holding company, referred to as Vistra Vision, which has a further growth pipeline of around 1,100 MW of renewables projects. In return, Energy Harbor will receive $3bn in cash (to be distributed to shareholders at closing) and a 15% ownership interest in Vistra Vision; in addition, Vistra Vision will assume $430m of net debt from Energy Harbor. Ratings agency Standard & Poor’s (S&P) said the price of Vistra Corp shares rose more than 16% when the deal was first announced. ",0.6428571428571429,SUPPORT
"Rosatom specialists have completed work to rehabilitate legacy uranium tailing sites, the height of the uranium dump was reduced from 65 to 35 metres and covered with a 1.5-metre layer of clean soil.","Rosatom’s Fuel Company TVEL is completing remediation of the Taboshar industrial site in the city of Istiklol in Tajikistan, where uranium processing used to take place in the Soviet era. Work has been completed to install a protective shield on a uranium tailings dump at the factory ending the first stage The dump is now much flatter. The height of was reduced as from 65 metres to 36 metres, exceeding the design target of 45 metres. Monitoring conducted by specialists of the Tajikistan Agency for Nuclear & Radiation Safety showed that background radiation at the perimeter of the reclaimed dump decreased tenfold to 0.2 μSv/h, which corresponds to normal values. All the required infrastructure to support the work was built from scratch. A power line was moved to a safer area, engineering and maintenance sites were built, health and safety checkpoints for personnel were equipped, and a vehicle decontamination building was constructed. The facility also has a checkpoint and a radiation safety service. The contractor for the work is the Central Design & Technology Institute (JSC TsPTI, part of TVEL). “The Institute carried out large-scale works to demolish old reinforced concrete structures and equipment at the factory,” said Yakov Nikonov, Deputy General Director for decommissioning of nuclear and radiation hazardous facilities and reclamation at TsPTI. “The monolithic blocks of the vat leaching shop, equipment for the crushing and screening hopper, and concrete pillars were dismantled. All large-sized scrap is insulated in reinforced concrete containers in the workshop and covered with a protective shield.” As part of the project, three more tailings will be reclaimed using similar technology. Currently, about 100 people are working at the site and more than 50 special vehicles are involved. ",0.6451612903225806,SUPPORT
"TerraPower needs a short-term solution, along with congressional support, until the domestic Haleu supply chain is fully operational for advanced nuclear development.",">But today to my knowledge all power sources are treated equal incl. Wind & solar. There should be a differentation as to baseload and 24/7 availability. Power markets make a difference between baseload and peakload. Peakload (flexible capacity such as from gas plants) tends to be more expensive than baseload (essentially nuclear, some hydro and some very old coal plants). Dispose of fearmongers and regulators against nuclear - media and politics included, in that order. Before you know nuclear is cheapest power source once again and banks tip over themselves in queue to fund any and all NPPs of any kind. ",0.13043478260869565,CONTRADICT
The BWRX-300 SMR technology is cost-competitive due to its design-to-cost approach.,Image: BWRX-300 (courtesy of GE Hitachi Nuclear Energy) ,0.15384615384615385,CONTRADICT
"Most SMRs seem to be sized around 300 MW, which is going to be overkill for a data center unless you're building an entire campus of them, or have an agreement to sell excess to the grid.","SMRs are so cool. Assuming they are properly shielded, I would like to have one for my house. ",0.12121212121212122,CONTRADICT
The Office of Nuclear Energy has awarded more than $931 million since 2009 to advance nuclear energy research and train the next generation of nuclear engineers and scientists.,"The FY25 request includes $8m to support several US international projects, including providing workforce development, training, and technical expertise to new and emerging nuclear energy countries in Africa, Asia, and Central and Eastern Europe. The funding will be used to establish regional clean energy training centres in key markets to provide capacity-building and professional development opportunities in regions looking to develop or grow their civil nuclear programmes. ",0.22727272727272727,CONTRADICT
"The vouchers provide funding to DOE national laboratories to help businesses overcome critical technological and commercialisation challenges, and all awardees are responsible for a minimum 20% cost share.","As well as speeding up the development of key enabling technologies in both hardware and software domains, Proxima Fusion will use the seed funding to further expand the team with world-class engineers and physicists, as well as to match public funding awards. Image: Proxima fusion team (courtesy of Proxima) ",0.15384615384615385,CONTRADICT
World Association of Nuclear Operators (WANO) has placed Almaraz in its highest category worldwide in view of its high standards of safety and operation.,Image: The Mihama nuclear power plant in Japan (Source: ,0.1,CONTRADICT
That physics hasn't gone away. That sounds like a very good argument for public ownership of this part of the power system.,fix their flaws then they don ' t deserve that much investment when there are better options as a * * main * * energy source.,0.14285714285714285,CONTRADICT
UKAEA says the engineering designs of STEP will be developed in a highly immersive and connected virtual environment.,Image: Artist's impression of the STEP fusion energy plant reactor (courtesy of UKAEA) ,0.2222222222222222,CONTRADICT
"Tihange 2 reactor has long been a source of concern in neighbouring Germany, where officials cited security concerns after cracks were found in its pressure vessels.",Image: The Isar 2 nuclear power plant in Lower Bavaria (photo courtesy of E.On) ,0.12,CONTRADICT
Alberta’s tradition of energy innovation combined with our advanced nuclear technology offers a powerful solution to reducing emissions while increasing reliable baseload generation capacity and supporting the region’s key economic drivers.,Ontario energy minister Todd Smith: ‘New nuclear generation is going to be critical to building the clean grid of the future’. ,0.1875,CONTRADICT
"The companies OPG and EDF are exploring a range of technology options, including small modular reactors, for the successful delivery of their nuclear newbuild worldwide",OPG is planning its first small modular reactor plant at the Darlington nuclear site in Ontario. Courtesy OPG. ,0.21739130434782608,CONTRADICT
"Government must take a leading role, provide funding, and assume some risk in supporting the development of nuclear projects, including characterisation work for sites like Wylfa.","Aerial view of the Wylfa site, where the British government wants to build new reactors. Courtesy Google Earth. ",0.15384615384615385,CONTRADICT
The EU is currently the largest MSCFP donor.,Thanks for posting this! ,0.0,CONTRADICT
"The dismantling of the Philippsburg NPP has reached an important milestone with the removal of fuel rods from unit 2, increasing safety.",Image: The two halves of the base plate for the Brest-OD-300 fast reactor at the construction site (courtesy of TVEL) ,0.10526315789473684,CONTRADICT
"Urenco will contract low-carbon energy supplies, including nuclear power, to meet its electricity needs.",Westinghouse in April signed subcontractor agreements with Canadian uranium producer Cameco and UK-based nuclear fuel consortium Urenco for uranium which will guarantee the 10-year supply of nuclear fuel for Kozloduy 5. Image: Kozloduy units 5 and 6 (courtesy of Kozloduy NPP) ,0.2,CONTRADICT
"INB says that, simultaneously with the control of the installation, UDC has been carrying out several decommissioning actions, such as the dismantling and demolition of industrial areas, environmental recovery of areas currently used in the treatment of acidic waters, as well as identifying the best decommissioning solutions for the mine shaft, dams and piles of mining waste.","In addition to demolishing buildings, the contract agreement includes the scope, schedule and cost of formally closing wells once used to extract and treat solvent vapours beneath the landfill. The vapours were present in degreasers used during weapons development work. The degreasers and other solvents were placed in barrels and boxes that were buried in shallow, unlined trenches in the SDA. Over time, the barrels and boxes degraded, releasing the vapours into the surrounding soil. Dan Coyne, senior director of IEC Waste Management and Decontamination and Demolition, said he was pleased with the final contract agreement. “This complex proposal was only possible with the hard work, timely input and structured approach of a knowledgeable, integrated project team,” he said. The work detailed in the agreement is to be completed by the end of 2024. Image: The Subsurface Disposal Area (foreground) at the INL site will undergo a significant transformation over the next two years (courtesy of DOE) ",0.20930232558139536,CONTRADICT
"Their smaller design, lower upfront costs and inherent safety and waste management attributes could open new opportunities for the nuclear industry.","Kotek continues: “They’re really reliable, safe and they’ve been running for 50 years or more. We somehow lost track of that and the rise of all the clean energy sources like wind and solar have now created a stronghold. Actually though, when you look at the sustainability advantage of nuclear it is more favourable, yet we’ve added in these complexities and these layerings that are inhibiting its development. We are not only making it more expensive but actually we’re missing out some key sustainability advantages as well,” says Kotek. Nonetheless, considering what is actually required to meet the 2°C scenario from the Paris agreement, the amount of solar, wind, batteries and EVs and the associated nickel, copper and lithium materials that are needed and all the mines that need to be developed too it is clear that nuclear must be part fo the solution. “If you look at where things are today and where they need to be in 10 years we’re just nowhere near. So there’s going to be a reckoning at some point. Nuclear is potentially a backfill for some of the challenges that we’re going to see in the medium term on the renewables front. We haven’t really hit it yet but we’re starting to feel it in the EV world where the battery supply chain issues are real and it’s around the materials supply chain. ",0.2,CONTRADICT
ISIN should implement its own Research and Development programme to build its expertise to review safety cases for the activities in the National Programme.,"Image: Con Lyras from the Australian Nuclear Science & Technology Organisation (ANSTO), who led the peer review, and Christianus Ratrias Dewanto, BRIN Executive Inspector, display the draft report (courtesy of IAEA) ",0.15,CONTRADICT
NRC anticipates several licence applications from non-light water designs over the next five years.,Is this news? I thought they already had applied years ago. That was for the design assessment. This means they are far along enough in that technical review that CNSC probably feels they are ready for the license. A license by '25 makes commissioning in '29 a very real possibility ,0.13333333333333333,CONTRADICT
"The 10 MW MURR is the most powerful university research reactor in the US, operating 24 hours a day, 6.5 days a week, 52 weeks a year.",Image: The Fermi nuclear power plant (courtesy of Shutterstock) ,0.041666666666666664,CONTRADICT
