company,SUPPORT,CONTRADICT,NEI
A3D,,,1.0
ABB,,,1.0
ABS,1.0,,3.0
ACC,,,1.0
ACU,,,2.0
ADCB,,,1.0
AECL,1.0,,6.0
AECOM,,,2.0
AEM-Spetsstal,,,2.0
AFCEN,,,1.0
AFCONE,,,1.0
AMG,,,2.0
ANDRA,,,4.0
ANL,,,3.0
ANSTO,,,2.0
ANVS,,,1.0
ANYbotics,,1.0,
AP1000,,,1.0
ARC Canada,6.0,1.0,25.0
ARN,2.0,1.0,4.0
ASE,7.0,1.0,8.0
ASN,,,5.0
AWS,,,1.0
Abu Dhabi Commercial Bank,,,1.0
Aecon,5.0,,6.0
Aerojet Rocketdyne,,,1.0
Air Products,,,1.0
Akkuyu,,1.0,2.0
Alfa Laval,,,1.0
Allegheny Electric,,,1.0
Alleima,1.0,,
AlleyCorp,,,1.0
"Alsintec, ",,,1.0
AltC,,,1.0
Altrad Endel,1.0,,
Amazul,,,1.0
Amcham,,,1.0
Amentum,2.0,,1.0
American Bureau of Shipping (ABS),1.0,,5.0
American Centrifuge Operating,,,1.0
Amsted Graphite Materials,,,1.0
Andreessen Horowitz,1.0,,
Ansaldo Energia,,,4.0
Ansaldo Nucleare,1.0,1.0,18.0
Arabelle Solutions,,,2.0
Arch Henderson,,,1.0
Ares,3.0,,2.0
Areva,3.0,,7.0
Argentine Neutron Beam Laboratory (LAHN),,,1.0
Argonne National Laboratory,,1.0,8.0
Arthur D. Little,,,1.0
Assystem,2.0,,9.0
Astrobotic,,,1.0
At One Ventures,,,1.0
AtkinsRéalis,3.0,,11.0
Atomenergomash,1.0,,15.0
Atomenergoremont,,,6.0
Atomflot,,,1.0
Atomics International,,,1.0
Atommash,,,5.0
Atomspetsservice,,,1.0
Atomstroyexport,1.0,,7.0
Atos,,,1.0
Austin Energy,8.0,3.0,64.0
Axpo,,,2.0
BAKS,,,1.0
BAM Nuttall,3.0,,4.0
BARC,,,1.0
BESIX,,,1.0
BGE,,,6.0
BHEL,,,1.0
BHP,,,1.0
BHR,,,2.0
BKW (formerly Bernische Kraftwerke),,,1.0
BLF,,,1.0
BN-1200M,,1.0,
BNDES,,,1.0
BNFL,,1.0,1.0
BREST-OD-300,,1.0,
BRIN,,,1.0
BT Pension Scheme,,,1.0
BWRX,,,1.0
BWXT,4.0,,25.0
Babcock,,,2.0
Balfour Beatty,2.0,1.0,5.0
Bauer Hungary Ltd.,,,1.0
Bayern Kapital,,,1.0
Bechtel,3.0,,28.0
Belenergo,,,1.0
Belledune Port Authority,,,1.0
Betavolt,,,1.0
Bhavini,,,1.0
Bilfinger Peters Engineering,,,1.0
Bionomics,,,1.0
Blue Capsule,,,2.0
Blue Origin,,,1.0
Blue Wave,,,1.0
Blykalla,,,2.0
Boeing,,,2.0
Bouygues Travaux Publics,,,2.0
Bpifrance,,1.0,3.0
Branislav Strýček,,,1.0
Brazilian Navy,,,1.0
Britain Remade,,,1.0
British Nuclear Fuels Limited,,,2.0
Brookfield Renewable,1.0,,3.0
Bruce Power,10.0,,21.0
Bryden Wood,,,2.0
Building Trades of Alberta,,,1.0
Bularmex-IK JSCo,,,1.0
Bundesanstalt für Geowissenschaften und Rohstoffe,,,1.0
Bureau Veritas Bulgaria,,,1.0
Burns & McDonnell,,,2.0
CAMMESA,,,1.0
CCTE,,,1.0
CEA,3.0,,10.0
CERCA,,2.0,2.0
CERES Power,,,1.0
CEZ,3.0,1.0,21.0
CFPP LLC,,,6.0
CFS,,,2.0
CGN,1.0,,7.0
CIC,,,1.0
CIMC Enric,,,1.0
CITON,1.0,,1.0
CNFC3G,,,1.0
CNNC,3.0,,17.0
CNNP,,,1.0
CNPE,,,2.0
CNSC,,,2.0
COVVI,,,1.0
CRA,,1.0,1.0
CRM Group,,,2.0
CSIRO,,,2.0
CVG,,,2.0
Cameco,3.0,1.0,14.0
Canadian Commercial Corporation,1.0,,
Canadian Nuclear Association (CAN),,,2.0
Canadian Nuclear Laboratories (CNL),,,27.0
Canadian Nuclear Safety Commission (CNSC),1.0,1.0,3.0
Capital Power,,,1.0
Cavendish,,,1.0
Cenovus Energy,,,3.0
Central Design & Technological Institute,,,1.0
Centralna Energoremontna Baza EAD,,,1.0
Centrica,,,2.0
Centrum výzkumu Řež (CVŘ),,,3.0
Centrus Energy Corp,38.0,6.0,134.0
Century,,,1.0
ChNPP,,,1.0
China Guodian Corporation,,,2.0
China National Nuclear Corp,2.0,,
Chugoku Electric,,,3.0
Clark Seed,,,1.0
Clean Core,,,5.0
Climentum Capital,,1.0,4.0
ComEd,,,1.0
Combustion engineering,,,2.0
Cominak,,,1.0
Compania Nationala a Uraniului (CNU),,,1.0
Constellation,,1.0,17.0
Consulper,,,1.0
Conuar,,,1.0
Copenhagen Atomics,,1.0,7.0
Costain,,,1.0
Covra,,,2.0
Createc,1.0,,
Creative Energy,,,1.0
Crédit Agricole CIB,,,1.0
Curio,,,2.0
Curium,,,3.0
Curtiss-Wright,,,1.0
Cwmni Egino,,,5.0
DAE,,,2.0
DARPA,,,1.0
DBD,,,1.0
DBI-Virtuhcon,,,1.0
DESNZ,,,1.0
DMT GmbH & Co,1.0,,1.0
DOE,1.0,,13.0
DTRA,,,2.0
Dalian Baoyuan Nuclear Equipment,,,1.0
Dalton Utilities,,1.0,3.0
Danish start-ups,,,1.0
Dassault Systèmes,,,1.0
Data61,,,1.0
Datastart,,,1.0
Deep Isolation,2.0,,4.0
DeepTech & Climate Fonds,,,1.0
Degussa AG,,,3.0
Dell,,,1.0
Desktop Metal,,1.0,2.0
Det Norske Veritas,,,1.0
Diamondback,,,1.0
Dominion Energy,,,4.0
Doosan Enerbility,3.0,3.0,20.0
Doosan Energy,,,2.0
Dow,7.0,,8.0
Dragonball,,,1.0
Drax,,,1.0
Dual Fluid,,1.0,6.0
E.ON,1.0,,6.0
EBRD,1.0,,2.0
EDF,17.0,21.0,146.0
EHT,,1.0,
EIB,,,1.0
EIG,,,1.0
EIT InnoEnergy,,,2.0
ELIA AD,,,4.0
ENBPar,,,1.0
ENEA,1.0,1.0,5.0
ENEC,2.0,1.0,15.0
EOS,,,2.0
EPH,,,1.0
EPK,,,1.0
EPR,,1.0,3.0
EPZ,,,1.0
ERA-supported PMU,,,1.0
ES Fox,3.0,,1.0
EUROCHEMIC,,,1.0
EWEC,,,1.0
Ed. Züblin AG,,,1.0
Edison,,,5.0
Efinor,,,2.0
Eiffage,,,1.0
Electrogrup,1.0,,
Elektrárna Dukovany II,,,2.0
Eletrobras,,,2.0
Eletronuclear,,,5.0
Elysee,,,1.0
Emissions Reduction Alberta,1.0,,2.0
Empresarios Agrupados (EA),,,1.0
EnBW,,,2.0
Enel,2.0,,11.0
Energoatom,8.0,11.0,70.0
Energoholding,,,1.0
Energy Exploration,,,1.0
Energy Harbor,,,2.0
Energy Northwest,5.0,,5.0
EnergySolutions,,,2.0
Enfission,1.0,,
Engie Electrabel,2.0,3.0,13.0
Enresa,,,4.0
Ensreg,,,1.0
Entra1,,,1.0
Enusa,1.0,1.0,3.0
Environment Agency (EA),,,3.0
Envision AESC,,,1.0
Equitix,,,1.0
Eskom,,,6.0
EthosEnergy,,,2.0
European Investment Bank (EIB),,,5.0
Evonik AG,,,2.0
Exelon Generation,,,4.0
Expedition Engineering,,,3.0
ExxonMobil,,,1.0
FAB,,,1.0
FANC,,,4.0
FANR,,,2.0
FKA,,,1.0
FONGIT,,,1.0
FPCU Feldioara,,,1.0
FPoliSolutions,1.0,,1.0
FSUE Radon,,,1.0
Federal Network Agency,,,1.0
Fennovoima,,,3.0
Fermi Energia,4.0,2.0,10.0
Ferreira Guedes,,,1.0
Fincantieri,,1.0,
First Abu Dhabi Bank,,,10.0
First Light Co. Ltd,1.0,1.0,21.0
First Light Fusion,,,6.0
Flibe,,,1.0
Fluor,1.0,,5.0
Forth,,,2.0
Fortum,6.0,2.0,17.0
Framatome,10.0,6.0,69.0
Frazer-Nash Consultancy,,,1.0
French companies,,,3.0
FuelCell Energy,,,3.0
Full Matrix Ltd,,,1.0
Full-Life Technologies,,,2.0
GA-EMS,,,2.0
GAP,,,1.0
GBN,,,2.0
GE Steam Power,1.0,,5.0
GE Vernova,2.0,,5.0
GE-Hitachi,15.0,16.0,90.0
GEN Energija,,,2.0
GERB Vibration Control Systems,1.0,,4.0
GFP,1.0,,
GIC,,,1.0
GK Neolant,,,1.0
GMET,,,1.0
GNS,,,2.0
GSE Solutions,2.0,,10.0
GSPI,1.0,,3.0
GScan,,,1.0
Gazprombank,,,2.0
General Atomics,,1.0,12.0
General Electric,1.0,,11.0
General Fusion,,,8.0
Georgia Power,,3.0,14.0
Getka,,,1.0
Ghana News Agency,,,1.0
Gidropress,,,3.0
Gilmartin Engineering Works,,,1.0
Global Laser Enrichment (GLE),1.0,,
Global Nuclear Fuel-Americas (GNF-A),3.0,1.0,11.0
Goodwin International,,,2.0
Google-X,,,3.0
Graham Construction,,,1.0
Granitor Growth Management,,,4.0
Grant County Public Utility District,1.0,,
Greenpeace Energy,,2.0,
Grupa Azoty,1.0,,2.0
Gruppo Aturia,,,1.0
HCVC,,,1.0
HD KSOE,,,3.0
HDEC,,,2.0
Halden Kjernekraft,2.0,,1.0
Hanki,,,1.0
Hanson,,,3.0
Hanwon Central Research Institute,,,1.0
Hatch,2.0,,7.0
Haykakan Atomayin Elektrakayan,,,1.0
Hayward Tyler,,,2.0
Health & Safety Executive (HSE),,,1.0
Heidelberg Materials,,,2.0
Helen,,,6.0
Helical Fusion,,,1.0
Helion,,,3.0
Helmholtz Zentrum Berlin (HZB),,,1.0
Hexana,,,1.0
High-Tech Gründerfonds (HTGF),1.0,,4.0
Himmash JSC,,,1.0
Hitachi Zosen,,,2.0
Hokuriku Electric,,,1.0
Holtec Britain,4.0,8.0,42.0
Holtec International,1.0,2.0,23.0
Houlder,,,1.0
Howden,,,1.0
Hualong,,,3.0
Hugh Simpson Contractors,,,1.0
Huisman,,,1.0
Hynamics,1.0,,1.0
Hyundai Engineering,4.0,1.0,37.0
Hyundai Heavy Industries,,,1.0
IAEA,4.0,3.0,7.0
IBRAE RAS,,,2.0
IC Içtas,1.0,,6.0
IDOM,,,4.0
IGCAR,,,1.0
IHS Markit,,1.0,
ILF,,,3.0
IMI Critical Engineering,,,1.0
INB,,,1.0
INP,,1.0,
INTERA Incorporated,,,1.0
INVAP,1.0,,5.0
IP Group,3.0,,26.0
IPP,,,1.0
IRE,1.0,,9.0
IRID,,,1.0
IRSN,,,2.0
ISAMZ,,,1.0
ISEC Monitoring Systems,,,1.0
ITER,,,4.0
Iberdrola,,,1.0
Idaho Environmental Coalition (IEC),,,1.0
Idaho National Laboratory (INL),,,9.0
Imabari Shipbuilding,,,2.0
Impact Innovations,,,1.0
Imperial College London,,1.0,1.0
Impuls Zeeland,,,1.0
Independent Nuclear Assurance (INA),1.0,,
Indonesia Power,,,4.0
Industria,1.0,2.0,11.0
Indústrias Nucleares do Brasil (INB),,,1.0
Ingérop,,,1.0
Intel,,,1.0
Interpath Advisory,,,1.0
Intuitive Machines,1.0,,1.0
Invesco,,,1.0
Invest-NL,1.0,,1.0
Isogen,3.0,,
Italian Space Agency,,,5.0
Itochu,,,2.0
Ivo,,1.0,
JAEA,,1.0,11.0
JAVYS,1.0,,2.0
JESS,,,1.0
JGC Holdings,,,1.0
JIC Venture Growth Investments,,,1.0
JSC Diacon,3.0,,12.0
JSC ITC JET,1.0,,
JSC MSU-90,,,2.0
JSC RaoProekt,,,1.0
JSC VNIIAES,,,2.0
Jacobs,3.0,,12.0
Jadrová Energetická Spolocnost Slovenska,,,1.0
Japan,2.0,,4.0
John Gunn & Sons,,,1.0
Joint Research Centre-European Commission,,,1.0
K-Sure,,,1.0
KAERI,,,1.0
KBR,,,1.0
KF,,,3.0
KGHM Polska Miedź,2.0,1.0,11.0
KHNP,2.0,3.0,22.0
KINGS,,,1.0
KKM,,,2.0
KPMG,,,1.0
KPPN (Courtesy KNPP),,,1.0
KTH Innovation,,1.0,3.0
KWU,,,1.0
KZNPP-NM,,,1.0
Kairos,3.0,1.0,10.0
Kamilla,,,1.0
Kansai Electric,,1.0,5.0
Kazatomprom,1.0,2.0,7.0
Kepco,2.0,,20.0
Kerry,,,1.0
Kexim,,,2.0
Kia,,,2.0
Kinectrics,5.0,,5.0
Korad,,,1.0
Korea Gas Corp (KOGAS),,,5.0
Korean Domestic Agency,,,1.0
Kranostroene Engineering,,,1.0
Kuopion Energia,,,3.0
Kursk NPP,,,2.0
Kyoto Fusioneering,,,10.0
Kärnfull Next,,,5.0
LDR,,,1.0
LEP,,,2.0
LISCR,,,1.0
LSEZ,,,1.0
Labour,,1.0,
Laing O'Rourke,3.0,,
Langfields Ltd,,,1.0
Laurentis,1.0,,
Leadcold,,,2.0
Legal & General,,,1.0
Leibniz-Institut für Angewandte Geophysik,,,1.0
Leibniz-Institut für Photonische Technologien,,,1.0
Leidos,,,1.0
Libri Publishing Ltd.,,,1.0
Liebherr,,,2.0
Lifeline Ventures,,,1.0
Lightbridge,2.0,1.0,7.0
Linde,,,1.0
Lloyd Resister,,,2.0
Lockheed Martin Corporation,,,1.0
Longview,,,1.0
Los Alamos National Laboratory,,,2.0
Los Alamos Technical Associates,,,1.0
Lotte Chemical Corp,,,1.0
Loviisa,,1.0,
Lucideon,,,1.0
M Vestt,,1.0,
MCC,,,5.0
MHI,,,3.0
MIT,,,5.0
MMC Norilsk Nickel,1.0,,1.0
MOL DryBulk,,,1.0
MSZ,,,1.0
MTG-Dolphin,,,1.0
Magnox,,,6.0
Malin Group,,,1.0
Mallinckrodt Medical,1.0,,1.0
Mammoet,,,3.0
Mangiarotti,,,1.0
Martingale,,,2.0
Marvel Fusion,,1.0,1.0
Mashinostroitelny Zavod,,1.0,4.0
Matricial,,,1.0
Max Planck Institute for Plasma Physics,,,3.0
Mayak,,,2.0
McMahon Communications,,,1.0
Meralco,1.0,,1.0
Metatomic,,,1.0
Metroscope,,,2.0
Microsoft,,,7.0
Mid-America Conversion Services,,,1.0
Middle Estates,,,1.0
Mirion Technologies,1.0,,11.0
Mitsubishi FBR Systems (MFBR),,,2.0
Mitsubishi Heavy Industries,2.0,,10.0
Moltex Energy,1.0,,5.0
MoltexFLEX,2.0,,14.0
Morson,,1.0,1.0
Motie,,,1.0
Mott Macdonald,,,5.0
Multiconsult Norge AS,,,1.0
Mustang,,,1.0
NAC,,,9.0
NANO,,,3.0
NAP,,,2.0
NASA,,1.0,9.0
NCNR,,,1.0
NEMO,,,1.0
NFS,,,1.0
NFT Inc,,,1.0
NG Bailey,,,1.0
NIIAR,,,1.0
NIIEFA,,,1.0
NIIPT,,,1.0
NNB,,,2.0
NNL,,,5.0
NNSA,,,2.0
NO RAO Zheleznogorsk branch,,,2.0
NPCIL,2.0,,4.0
NPP Doza,4.0,1.0,9.0
NPPA,,,2.0
NRA,,,1.0
NRC,,1.0,7.0
NRG,1.0,,11.0
NSERC,,,1.0
NTP Radioisotopes,,,1.0
NTS,,,3.0
NUKEM Technologies,,,15.0
NUVIA,,,1.0
NWMO,,,3.0
NYSERDA,,,1.0
Naarea,1.0,,7.0
Nagra,,,7.0
Nantong Energy,,,1.0
NatWest,,,1.0
National Nuclear Laboratory,6.0,1.0,35.0
National Nuclear Security Administration,22.0,2.0,114.0
Natrium,,,2.0
Natsiunalnata Elektricheska Kompania,,,1.0
Natura Resources,,,4.0
Naval Group,2.0,,2.0
Nawah,,,1.0
Necsa,,,1.0
Nest,,,1.0
Netcity,1.0,,
New Mexico Environment,,,1.0
NexGen Energy,,,2.0
Nikiet,1.0,,5.0
Nippon Export and Investment Insurance,,,2.0
Nissan,,,1.0
Nordion,,,1.0
Norsk Kjernekraft,3.0,1.0,12.0
Northrop Grumman,,,1.0
Nova Power & Gas,2.0,1.0,19.0
NovaWind,,,1.0
Novatome,,,1.0
Novatron Fusion,,,1.0
NuCycle,,,1.0
NuPEA,,,1.0
NuScale Power,51.0,34.0,246.0
Nuclear Alternative Project (NAP),,,6.0
Nuclear Decommissioning Authority,,,8.0
Nuclear Industry Association,,,6.0
Nuclear Regulation Authority,,,3.0
Nuclear Regulatory Commission (NRC),,1.0,2.0
Nuclear Restoration Services,,,2.0
Nuclear Waste Management Organisation,,,1.0
Nuclearelectrica,4.0,,19.0
Nucleareurope,,,4.0
Nuclenor,,,2.0
Nucleoeléctrica Argentina,2.0,,3.0
Nuueen,,,1.0
Nuward,1.0,,5.0
OC Robotics,,,2.0
OKBM Africantov,,1.0,6.0
OKG,1.0,,1.0
OMERS,1.0,,1.0
OMZ,,,1.0
OMZ Public Joint-Stock Company,,,1.0
ONDRAF/NIRAS,,1.0,
ONR,,,3.0
OPG,3.0,3.0,14.0
OSCE,,,1.0
OSI,,1.0,7.0
Oak Ridge National Laboratory (ORNL),,,11.0
Office for Nuclear Regulation,1.0,1.0,5.0
Oglethorpe Power,,2.0,7.0
Oklo,3.0,2.0,15.0
Omexom and Taylor Woodrow JV (OTW),,,2.0
Omniflex,,,1.0
Onomichi Dockyard,,,1.0
Orano,4.0,,38.0
Orlen,2.0,1.0,9.0
Outokumpu,,1.0,1.0
Oxford Sigma,,,2.0
PA Consulting,,,1.0
PAA,,,1.0
PALLAS Reactor Preparation Foundation (PALLAS),1.0,,1.0
PATEC,,,1.0
PDENH,,,1.0
PEJ,1.0,,3.0
PGE,1.0,,8.0
PK Valve,,,1.0
PLEF,,,1.0
PNPI,,,1.0
PSEG,,,1.0
PT Batan Teknologi,,,1.0
PT PAL Indonesia,,,2.0
PT PLN (Persero),,,4.0
PTT,,,2.0
Pacific Gas & Electric,,,1.0
Paks NPP,,1.0,1.0
Parkwalk Advisors,,,1.0
Pertamina,,,2.0
Pinsent Masons,,,1.0
Planetary Science Institute,,,1.0
Plural Platform,,,2.0
Polimex,,,1.0
Polskie Elektrownie Jadrowe,,,9.0
Pompes Rütschi SAS,,,1.0
Presight Capital,,,1.0
Princeton Satellite Systems,,,1.0
Princeton University,,,1.0
Prodigy,1.0,,5.0
Prolog LLC,,,2.0
Promcomplect-B,,,2.0
Prometey Construction,,,1.0
Proxima Fusion,,,3.0
Pulsar Fusion,,,1.0
PwC,,,1.0
QST,,,1.0
RAFA,,,3.0
RASU,,,1.0
RATEN,,,2.0
RED,,,4.0
RINA,,1.0,
RMC,,,1.0
RWE,,,1.0
Radiant,,,3.0
Ramboll,,,1.0
Recumo,,,1.0
Regardie,,,1.0
Renaissance Fusion,,,2.0
Research Institute for Atomic Reactors,1.0,1.0,17.0
Ringhals,,,1.0
Ritm,2.0,,3.0
RoPower,1.0,2.0,7.0
Rock Creek Innovations,,,2.0
Rockwell,,,1.0
Rolls-Royce,23.0,23.0,69.0
Rosatom,51.0,19.0,249.0
Roselectronics,,,1.0
Rosgvardiya,,,3.0
Rostechnadzor,1.0,2.0,6.0
Rostekh State Corporation,,,1.0
Rusatom Overseas,1.0,,2.0
Rusatom Service,1.0,,4.0
Russia,,1.0,8.0
SACE,,1.0,1.0
SCC,1.0,,3.0
SCK-CEN,,,10.0
SCS,,,1.0
SCX Special Projects,,,3.0
SECIN,,,1.0
SGE,,,6.0
SGSC,,,1.0
SIMSA,,,2.0
SK Inc,1.0,1.0,2.0
SKB,,,5.0
SMU 1 LLC,,,1.0
SNC-Lavalin,4.0,,16.0
SNN,1.0,2.0,4.0
SNRIU,,,1.0
SOC,,,1.0
SPIC,1.0,,1.0
SRNS,,,1.0
SSM,,,1.0
SSN,,,1.0
STP Nuclear Operating Company,,1.0,22.0
SUAS Group,,,2.0
Saab,,,1.0
Saai,,,1.0
Saber Astronautics,,,1.0
Samsung C&T Corporation,4.0,3.0,43.0
Samsung Heavy Industries,,,4.0
Sandia,,,1.0
Sarens,,,1.0
Sargeant & Lundy,1.0,,3.0
SaskPower,3.0,2.0,7.0
Savannah River National Laboratory,,,1.0
Schneider Electric,,2.0,9.0
Scott Brownrigg,,,1.0
Seaborg,2.0,,10.0
Seligdar,1.0,,
Sellafield Ltd,,2.0,17.0
Seth Twum-Akwaboah,,,1.0
Shanghai Boiler Works Limited,,,1.0
Shanghai Nuclear Labor Institute,,,1.0
Sheffield Forgemasters,1.0,1.0,3.0
Siberian Chemical Combine,,,5.0
Siemens,1.0,1.0,14.0
Silex,2.0,,4.0
Siteflow,,,3.0
Skanska,,,1.0
Skepast & Puhkim,,,1.0
Slovenské Elektrárne,,,12.0
Smart Green Shipping (SGS),,,1.0
Sogin,,,1.0
Sokolovska Uhelna,,,2.0
Solexperts,,,1.0
Southern,,,1.0
SpaceX,,,2.0
Springfields Fuels Limited,,,4.0
Sprott Uranium Trust,,,2.0
Standard Power,,,2.0
State Council of China,2.0,3.0,34.0
Steady Energy,1.0,,10.0
Steel Atlas,,,2.0
Stellarex,,,1.0
Stellaria,,,4.0
Steve Vick International,,,2.0
Stimson Center,,,1.0
Studsvik,1.0,,6.0
Sunderland City Council,,,1.0
Supracon,,,1.0
Svensk Kärnbränslehantering AB (SKB),1.0,,3.0
Svenska Kraftnat,,,1.0
Sydkraft,,,1.0
Synthos,,1.0,4.0
TANICS,,,1.0
TEPCO,4.0,2.0,16.0
TINT,,,1.0
TM INOX,,,1.0
TRANSCO,,,1.0
TRIGA International,,,2.0
TRISO-X,2.0,,2.0
TRIUMF,,,4.0
TSM Enerji,1.0,,3.0
TSOs,,,1.0
TU Delft,1.0,,1.0
TVA,,,3.0
TVEL,6.0,2.0,47.0
TVO,4.0,1.0,8.0
TWI,2.0,,1.0
Talen,,,1.0
TechnicAtome,2.0,,3.0
Technip Energies,,,1.0
Tecnatom USA,,,1.0
Tecniark,,,1.0
Tecnimont,1.0,,1.0
Teledyne Brown Engineering,,1.0,4.0
Teletrix,,,1.0
Tenex,,,2.0
Tennessee Valley Authority,2.0,,5.0
Teollisuuden Voima Oyj (TVO),3.0,2.0,11.0
Teplárny Brno,,,1.0
Terex-Demag,1.0,,
TerraPower,3.0,3.0,47.0
TerraPraxis,,,3.0
Terrestrial Energy,5.0,2.0,9.0
Thales,,,1.0
The VG Khlopin Radium Institute,,,2.0
Thomas Thor,,,2.0
Thorcon,,,7.0
Thorizon,1.0,,4.0
Tia Logistics,,,1.0
Titan-2,1.0,,4.0
Tokamak Energy,4.0,,6.0
Tokyo,,,1.0
Tomsk Polytechnic University,,,3.0
Topsoe,1.0,,
Torch Technologies,,,1.0
Tornado,,,1.0
Toshiba,,1.0,1.0
Tosto Group,1.0,,
Tractebel,6.0,,9.0
TransAlta Corporation,,,3.0
Transmutex SA,,,2.0
Transrad,,,2.0
Trest RosSEM,,1.0,4.0
Tsinghua University,,,5.0
Turner & Townsend,,,1.0
Tyazhmash,1.0,,1.0
UCOR,,,2.0
UDC UGR,,,1.0
UJV,,,1.0
UK,3.0,,42.0
UK’s Nuclear Waste Services (NWS),,,7.0
URSJN,,,1.0
US PacifiCorp,1.0,2.0,6.0
US Steel Košice,2.0,2.0,9.0
USEC,,,1.0
USNC,3.0,1.0,16.0
USTDA,,,5.0
UVC Partners,,,4.0
UZWIL,,,1.0
Uamps,,,2.0
Ulba FA,1.0,,
Ulba-TVS,,1.0,
Ultra Safe Nuclear Corporation,6.0,2.0,23.0
Unimot,,,1.0
Union Carbide,,,4.0
Uniper,,1.0,2.0
United Engineers & Constructors,1.0,,4.0
United Nuclear Corporation (UNC),,,1.0
University of Cambridge,,,1.0
University of Leicester,1.0,,1.0
University of Sheffield,,,2.0
Uranium Energy Corp,,,1.0
Urenco,3.0,2.0,28.0
UxC,,,1.0
Uzatom,,,1.0
V/O Izotop JSC,4.0,,16.0
VNIINM,,,4.0
VTT,,,2.0
VUJE,,,3.0
Vaalputs,,,1.0
Vattenfall,5.0,2.0,9.0
Veolia,,,4.0
Vertical Future,,,1.0
Verve Ventures,,,1.0
Vessco,,,1.0
Virial,,,1.0
Vistra,,,5.0
Vital Energi,,,1.0
Vogtle,,,1.0
Vulcain Engineering,,,1.0
Vulcan Burners,,,2.0
WANO,,,2.0
WEC Group,,1.0,1.0
WESEE,1.0,,
WSDE,,,1.0
Walter Tosto,,,1.0
Waste Control Specialists,,,4.0
Welsh Government,,,1.0
Western Gateway,,,2.0
Westfälische Wilhelms-Universität Münster,,,1.0
Westinghouse,31.0,23.0,181.0
Wilbe Group,,,2.0
Wood Mackenzie,,,2.0
World Nuclear Association (WNA),,,2.0
Worldgrid,,,1.0
Xcel,,,2.0
Y-12 National Security Complex,,,1.0
YIT Suomi Oy,,,1.0
YRYS-Expert-Kurylys,,,1.0
Yellow Cake,,,2.0
Yes VC,,,1.0
ZE PAK,2.0,1.0,5.0
ZNPP EO JSC,,2.0,2.0
ZRE,,,1.0
Zarmen,,,1.0
Zhongyuan,,,1.0
ZiO-Podolsk,,,2.0
ZionSolutions,,,1.0
Zodiac Maritime,,,1.0
Zwilag,,,1.0
newcleo,8.0,1.0,14.0
partner/supplier,,,1.0
plant supplier,,,1.0
Électricité de France (EDF),,,7.0
Østfold Energi,2.0,,2.0
Škoda,1.0,,5.0
