company,Publication Group,SUPPORT,NEI,CONTRADICT,Total Claims
3M Company,Group_Nuclear_Publications,,1.0,,1.0
AA Bochvar Research Institute of Inorganic Materials (VNIINM),Group_Nuclear_Publications,,1.0,,1.0
ABS,Group_Nuclear_Publications,,2.0,,2.0
ACC,Group_Reddit,,1.0,,1.0
ADCB,Group_Nuclear_Publications,,1.0,,1.0
AECL,Group_Nuclear_Publications,,8.0,,8.0
AECOM,Group_Nuclear_Publications,,1.0,,1.0
AECOM,Group_Reddit,,1.0,,1.0
AEM-Spetsstal,Group_Nuclear_Publications,,3.0,,3.0
AFCEN,Group_Nuclear_Publications,,1.0,,1.0
AFV Beltrame Group,Group_Nuclear_Publications,,2.0,,2.0
ALD Vacuum Technologies,Group_Nuclear_Publications,,1.0,,1.0
AMG,Group_Nuclear_Publications,,2.0,,2.0
AMG Critical Materials,Group_Nuclear_Publications,,1.0,,1.0
AP1000,Group_Nuclear_Publications,,1.0,,1.0
AP1000,Group_Reddit,,1.0,1.0,2.0
AQ Rate,Group_Nuclear_Publications,,1.0,,1.0
ARC,Group_Nuclear_Publications,5.0,24.0,1.0,30.0
ARN,Group_Nuclear_Publications,,1.0,,1.0
ASN,Group_Nuclear_Publications,1.0,1.0,,2.0
Aalborg,Group_Nuclear_Publications,,1.0,,1.0
Abu Dhabi Commercial Bank,Group_Nuclear_Publications,,1.0,,1.0
Accelerant Solutions,Group_Nuclear_Publications,,2.0,,2.0
Aecom Europe and India,Group_Nuclear_Publications,,1.0,,1.0
Aecon,Group_Nuclear_Publications,3.0,9.0,,12.0
Aecon,Group_Reddit,,2.0,,2.0
Aecon Group,Group_Nuclear_Publications,1.0,1.0,,2.0
Akkuyu NPP,Group_Nuclear_Publications,,1.0,,1.0
Alberta Innovates,Group_Nuclear_Publications,1.0,2.0,,3.0
Alfa Laval,Group_Nuclear_Publications,,2.0,,2.0
Alleima,Group_Nuclear_Publications,1.0,,,1.0
"Alpha Safety Holdings, LLC",Group_Nuclear_Publications,,1.0,,1.0
American Bureau of Shipping (ABS),Group_Nuclear_Publications,,3.0,,3.0
American Crane,Group_Nuclear_Publications,,1.0,,1.0
American Nuclear Society,Group_Nuclear_Publications,,1.0,,1.0
American Nuscale,Group_Reddit,,1.0,,1.0
Amsted Graphite Materials,Group_Nuclear_Publications,,4.0,,4.0
Analysis and Measurement Services Corporation,Group_Nuclear_Publications,,1.0,,1.0
Anglia Water,Group_Nuclear_Publications,,2.0,,2.0
Ansaldo,Group_Nuclear_Publications,,1.0,,1.0
Ansaldo Energia,Group_Nuclear_Publications,1.0,4.0,,5.0
Ansaldo Nucleare,Group_Nuclear_Publications,1.0,15.0,,16.0
Ansaldo Nucleare,Group_Reddit,,1.0,,1.0
Appalachian Power Company,Group_Nuclear_Publications,,1.0,,1.0
Arabelle Solutions,Group_Nuclear_Publications,,2.0,,2.0
Ares,Group_Nuclear_Publications,1.0,2.0,,3.0
Ares Acquisition Corporation,Group_Nuclear_Publications,1.0,2.0,,3.0
Ares Management Corporation,Group_Nuclear_Publications,1.0,2.0,,3.0
Areva,Group_Nuclear_Publications,,2.0,,2.0
"Areva (now part of Framatome, which developed the EPR)",Group_Reddit,,1.0,,1.0
Areva NP,Group_Nuclear_Publications,,1.0,,1.0
Areva SA,Group_Nuclear_Publications,,1.0,,1.0
Areva SA,Group_Reddit,,2.0,,2.0
Argonne National Laboratory,Group_Nuclear_Publications,,1.0,,1.0
Arthur D. Little,Group_Nuclear_Publications,,1.0,,1.0
Associated Electric Cooperative Inc.,Group_Nuclear_Publications,,1.0,,1.0
Associazione Italiana Nucleare,Group_Nuclear_Publications,,,1.0,1.0
Assystem,Group_Nuclear_Publications,5.0,6.0,,11.0
Atkins,Group_Nuclear_Publications,5.0,3.0,,8.0
Atkins UK and Europe,Group_Nuclear_Publications,,1.0,,1.0
AtkinsRéalis,Group_Nuclear_Publications,,4.0,,4.0
Atomenergomash,Group_Nuclear_Publications,,2.0,,2.0
Atomic Energy Canada Ltd. (AECL),Group_Nuclear_Publications,,2.0,,2.0
Atomic Energy of Canada Limited,Group_Nuclear_Publications,1.0,3.0,,4.0
Atomredmetzoloto JSC,Group_Nuclear_Publications,,2.0,,2.0
Atomstroyexport,Group_Nuclear_Publications,,1.0,,1.0
Axpo Power AG,Group_Nuclear_Publications,,1.0,,1.0
B&W,Group_Reddit,,1.0,,1.0
BAA Plc,Group_Nuclear_Publications,,1.0,,1.0
BAE Systems,Group_Nuclear_Publications,,3.0,,3.0
BAM Infra Netherlands,Group_Nuclear_Publications,1.0,,,1.0
BHEL,Group_Nuclear_Publications,,2.0,,2.0
BHP,Group_Nuclear_Publications,,1.0,,1.0
BHR,Group_Nuclear_Publications,,1.0,,1.0
BKW Energie AG,Group_Nuclear_Publications,,1.0,,1.0
BNF Resources,Group_Nuclear_Publications,1.0,,,1.0
BNFL Instruments LTD,Group_Nuclear_Publications,,1.0,,1.0
BT Pension Scheme,Group_Nuclear_Publications,,1.0,,1.0
BWRX,Group_Reddit,,1.0,,1.0
BWXT,Group_Nuclear_Publications,1.0,9.0,1.0,11.0
BWXT,Group_Reddit,,3.0,,3.0
BWXT Advanced Technologies,Group_Nuclear_Publications,,1.0,,1.0
BWXT Canada Ltd,Group_Nuclear_Publications,2.0,3.0,,5.0
BWXTCANADA,Group_Nuclear_Publications,1.0,,,1.0
Babcock,Group_Nuclear_Publications,,3.0,,3.0
Babcock International group,Group_Nuclear_Publications,1.0,3.0,,4.0
Baker Hughes,Group_Nuclear_Publications,,,1.0,1.0
Balfour,Group_Nuclear_Publications,,1.0,,1.0
Balfour Beatty,Group_Nuclear_Publications,1.0,9.0,1.0,11.0
Balfour Beatty,Group_Reddit,,1.0,,1.0
Baltic Operator (Grupa Przemyslowa Baltic),Group_Nuclear_Publications,,1.0,,1.0
Bam,Group_Nuclear_Publications,,1.0,,1.0
Bam Nuttall,Group_Nuclear_Publications,4.0,4.0,,8.0
Battelle Energy Alliance,Group_Nuclear_Publications,1.0,4.0,,5.0
Battelle Memorial Institute,Group_Nuclear_Publications,,1.0,1.0,2.0
Bechtel,Group_Nuclear_Publications,2.0,16.0,2.0,20.0
Bechtel Corporation,Group_Nuclear_Publications,,1.0,,1.0
Belledune Port Authority,Group_Nuclear_Publications,,1.0,,1.0
Berkshire Hathaway,Group_Nuclear_Publications,,1.0,,1.0
Bionomics,Group_Nuclear_Publications,,1.0,,1.0
Blue Capsule,Group_Nuclear_Publications,,1.0,,1.0
Blue Capsule,Group_Reddit,,1.0,,1.0
Blykalla,Group_Nuclear_Publications,1.0,3.0,,4.0
Boeing,Group_Nuclear_Publications,,2.0,,2.0
Bpifrance,Group_Nuclear_Publications,,2.0,,2.0
Britain Remade,Group_Nuclear_Publications,,1.0,,1.0
British Nuclear Fuels Limited,Group_Nuclear_Publications,,1.0,,1.0
British Roll Royce,Group_Reddit,,1.0,,1.0
Brookfield,Group_Nuclear_Publications,,2.0,,2.0
Bruce C,Group_Reddit,,,1.0,1.0
Bruce Power,Group_Nuclear_Publications,2.0,11.0,,13.0
Bruce Power,Group_Reddit,,1.0,,1.0
Bryden Wood,Group_Nuclear_Publications,,2.0,,2.0
Building Trades of Alberta,Group_Nuclear_Publications,,1.0,,1.0
Burns & McDonnell,Group_Nuclear_Publications,,1.0,,1.0
C&EN,Group_Reddit,,1.0,,1.0
C5 Capital,Group_Nuclear_Publications,,2.0,,2.0
CANDU Reactor division,Group_Nuclear_Publications,,1.0,,1.0
CAREM,Group_Nuclear_Publications,,1.0,,1.0
CASMR,Group_Nuclear_Publications,,1.0,,1.0
CCC,Group_Nuclear_Publications,,,1.0,1.0
CEA,Group_Nuclear_Publications,,7.0,,7.0
CEA,Group_Reddit,1.0,,,1.0
CERCA,Group_Nuclear_Publications,,,1.0,1.0
CEZ,Group_Nuclear_Publications,3.0,16.0,2.0,21.0
CFPP LLC,Group_Nuclear_Publications,,2.0,,2.0
CGN,Group_Nuclear_Publications,2.0,1.0,,3.0
CGN,Group_Reddit,,1.0,,1.0
CIC,Group_Nuclear_Publications,,1.0,,1.0
CITON,Group_Nuclear_Publications,,1.0,,1.0
CNCC,Group_Nuclear_Publications,1.0,,,1.0
CNEA,Group_Nuclear_Publications,1.0,5.0,,6.0
CNFC3G,Group_Nuclear_Publications,,1.0,,1.0
CNNP,Group_Nuclear_Publications,,1.0,,1.0
CNP,Group_Nuclear_Publications,,1.0,,1.0
CNPE,Group_Nuclear_Publications,,1.0,,1.0
CNSC,Group_Nuclear_Publications,1.0,2.0,,3.0
CORE POWER,Group_Nuclear_Publications,,4.0,,4.0
CRA,Group_Nuclear_Publications,,1.0,1.0,2.0
CV-Rez,Group_Nuclear_Publications,,2.0,,2.0
CVG,Group_Nuclear_Publications,,3.0,,3.0
Cambridge Vacuum Engineering,Group_Nuclear_Publications,,1.0,,1.0
Cameco,Group_Nuclear_Publications,,14.0,,14.0
Cameco Corporation,Group_Nuclear_Publications,,1.0,,1.0
Canada Infrastructure Bank,Group_Nuclear_Publications,,3.0,,3.0
Canada's Cameco,Group_Nuclear_Publications,1.0,,,1.0
Canadian General Electric,Group_Reddit,,1.0,,1.0
Canadian National Energy Alliance (CNEA),Group_Nuclear_Publications,,1.0,,1.0
Canadian Nuclear Association,Group_Nuclear_Publications,,1.0,1.0,2.0
Canadian Nuclear Laboratories,Group_Nuclear_Publications,,5.0,,5.0
Canadian Nuclear Laboratories (CNL),Group_Nuclear_Publications,,7.0,,7.0
Canadian Nuclear Partners,Group_Nuclear_Publications,,1.0,,1.0
Canadian Nuclear Safety Commission (CNSC),Group_Nuclear_Publications,,5.0,,5.0
Capital Power,Group_Nuclear_Publications,,3.0,,3.0
Carbon Free Power Project (CFPP),Group_Nuclear_Publications,,1.0,,1.0
Cavendish Consulting,Group_Nuclear_Publications,1.0,,1.0,2.0
Cavendish Nuclear,Group_Nuclear_Publications,1.0,11.0,1.0,13.0
Cavendish Nuclear,Group_Reddit,,1.0,,1.0
Ceca,Group_Nuclear_Publications,,1.0,,1.0
Cenovus,Group_Nuclear_Publications,,3.0,,3.0
Centrica,Group_Nuclear_Publications,,2.0,,2.0
Centrus,Group_Nuclear_Publications,1.0,3.0,,4.0
Centrus Energy,Group_Nuclear_Publications,2.0,3.0,2.0,7.0
Century,Group_Nuclear_Publications,,1.0,,1.0
Chart,Group_Nuclear_Publications,,1.0,,1.0
Chiltern Vital Group,Group_Nuclear_Publications,,3.0,,3.0
China,Group_Nuclear_Publications,,4.0,,4.0
China First Heavy Machinery Co Ltd,Group_Nuclear_Publications,,1.0,,1.0
China General Nuclear (CGN),Group_Nuclear_Publications,,1.0,,1.0
China Huaneng Group,Group_Nuclear_Publications,1.0,4.0,2.0,7.0
China National Nuclear Corp (SNNS),Group_Nuclear_Publications,,1.0,,1.0
China National Nuclear Corporation,Group_Nuclear_Publications,1.0,13.0,,14.0
China National Nuclear Corporation,Group_Reddit,,1.0,,1.0
China National Nuclear Corporation (CNNC),Group_Nuclear_Publications,1.0,18.0,2.0,21.0
China National Nuclear Corporation's subsidiary China Nuclear Engineering Corporation,Group_Nuclear_Publications,,1.0,,1.0
China National Nuclear Power,Group_Nuclear_Publications,,6.0,,6.0
China Nuclear Engineering Corporation,Group_Nuclear_Publications,,1.0,,1.0
China Nuclear Power Engineering Group,Group_Nuclear_Publications,,2.0,,2.0
Chubu Electric Power Co,Group_Nuclear_Publications,1.0,,,1.0
Clark Seed,Group_Nuclear_Publications,,1.0,,1.0
Clean Core,Group_Nuclear_Publications,,1.0,,1.0
Climentum Capital,Group_Nuclear_Publications,,1.0,,1.0
Combustibles Nucleares Argentinos (Conuar),Group_Nuclear_Publications,,1.0,,1.0
Combustion engineering,Group_Reddit,,1.0,,1.0
Community Nuclear Power,Group_Nuclear_Publications,1.0,1.0,,2.0
Compania Nationala a Uraniului (CNU),Group_Nuclear_Publications,,1.0,,1.0
Compania Națională Nuclearelectrica (SNN),Group_Nuclear_Publications,,1.0,,1.0
Conference Board of Canada,Group_Nuclear_Publications,,1.0,,1.0
Constellation,Group_Nuclear_Publications,,2.0,,2.0
Constellation Energy,Group_Nuclear_Publications,,1.0,,1.0
Constellation Energy Generation,Group_Nuclear_Publications,,2.0,,2.0
ConverDyn,Group_Nuclear_Publications,,1.0,,1.0
Coordinating Ministry for Economic Affairs of the Republic of Indonesia,Group_Nuclear_Publications,,1.0,,1.0
Copenhagen Atomics,Group_Nuclear_Publications,,5.0,1.0,6.0
Copenhagen Atomics,Group_Reddit,,5.0,2.0,7.0
Corespring Invest,Group_Nuclear_Publications,1.0,,,1.0
Costain,Group_Nuclear_Publications,,3.0,,3.0
Crédit Suisse,Group_Reddit,,1.0,,1.0
Curio,Group_Nuclear_Publications,,1.0,,1.0
Curio Solutions,Group_Nuclear_Publications,,1.0,,1.0
Curtiss-Wright,Group_Nuclear_Publications,,1.0,,1.0
Curtiss-Wright Corporation,Group_Nuclear_Publications,,1.0,1.0,2.0
Cwmni Egino,Group_Nuclear_Publications,,6.0,,6.0
Cwmni Egino,Group_Reddit,,1.0,,1.0
DAE,Group_Nuclear_Publications,,1.0,,1.0
DFC,Group_Nuclear_Publications,,1.0,,1.0
DL E&C,Group_Nuclear_Publications,1.0,5.0,1.0,7.0
DNV,Group_Nuclear_Publications,,1.0,,1.0
DOE,Group_Nuclear_Publications,1.0,5.0,1.0,7.0
DOE,Group_Reddit,,1.0,,1.0
DOW Chemical,Group_Nuclear_Publications,,1.0,,1.0
DS Private Equity (Korea),Group_Nuclear_Publications,,1.0,,1.0
Daewoo,Group_Nuclear_Publications,,1.0,,1.0
Daewoo Construction,Group_Nuclear_Publications,,1.0,,1.0
Daewoo E&C,Group_Nuclear_Publications,,1.0,,1.0
Daewoo Engineering & Construction,Group_Nuclear_Publications,,2.0,,2.0
Dairyland Power,Group_Nuclear_Publications,,1.0,,1.0
Dairyland Power Cooperative,Group_Nuclear_Publications,,1.0,,1.0
Dalian Baoyuan Nuclear Equipment,Group_Nuclear_Publications,,1.0,,1.0
Danish start-ups,Group_Nuclear_Publications,,1.0,,1.0
David Heath and Martin Clapham,Group_Nuclear_Publications,,1.0,,1.0
Day and Zimmerman,Group_Reddit,,1.0,,1.0
Dayan Deerkh Energy Ltd,Group_Nuclear_Publications,,1.0,,1.0
Deep Borehole Demonstration Center,Group_Nuclear_Publications,,1.0,,1.0
Deep Isolation,Group_Nuclear_Publications,,2.0,,2.0
DeepGeo,Group_Nuclear_Publications,,1.0,,1.0
Degussa AG,Group_Nuclear_Publications,,1.0,,1.0
"Department for Business, Energy and Industrial Strategy (BEIS)",Group_Nuclear_Publications,1.0,,,1.0
Department of Energy,Group_Nuclear_Publications,,3.0,,3.0
Department of Energy’s Advanced Research Program Agency-Energy (ARPA-E),Group_Nuclear_Publications,,1.0,,1.0
Des Nëdhé Group,Group_Nuclear_Publications,,1.0,,1.0
Des Nëdhé Indigenous Economic Reconciliation Group,Group_Nuclear_Publications,,1.0,,1.0
"Desktop Metal, Inc",Group_Nuclear_Publications,,2.0,,2.0
Diamondback,Group_Nuclear_Publications,,1.0,,1.0
Diamondback Energy,Group_Nuclear_Publications,1.0,,,1.0
Differ,Group_Nuclear_Publications,,1.0,,1.0
Direct One,Group_Nuclear_Publications,,1.0,,1.0
Dominion Energy,Group_Nuclear_Publications,,2.0,,2.0
Donalam SRL,Group_Nuclear_Publications,,1.0,,1.0
Dongfang Electric Corporation,Group_Nuclear_Publications,,2.0,,2.0
Dongfang Electric Corporation,Group_Reddit,,1.0,,1.0
Doosan,Group_Nuclear_Publications,1.0,4.0,,5.0
Doosan Co,Group_Nuclear_Publications,,1.0,,1.0
Doosan Enerbility,Group_Nuclear_Publications,3.0,26.0,2.0,31.0
Doosan Energy,Group_Nuclear_Publications,,1.0,,1.0
Doosan Heavy Industries & Construction,Group_Nuclear_Publications,1.0,1.0,,2.0
Dow,Group_Nuclear_Publications,10.0,19.0,1.0,30.0
Dow,Group_Reddit,,2.0,,2.0
Dow Inc,Group_Nuclear_Publications,,1.0,,1.0
Dual Fluid,Group_Nuclear_Publications,,3.0,2.0,5.0
Dual Fluid Energy,Group_Nuclear_Publications,,1.0,,1.0
Duke Energy,Group_Nuclear_Publications,,6.0,,6.0
Duke Energy,Group_Reddit,,,1.0,1.0
E-INFRA,Group_Nuclear_Publications,,3.0,,3.0
E-Infra group,Group_Nuclear_Publications,,1.0,,1.0
E.ON,Group_Nuclear_Publications,,1.0,,1.0
E.S. Fox,Group_Nuclear_Publications,,1.0,,1.0
EBRD,Group_Nuclear_Publications,,1.0,,1.0
EDF,Group_Nuclear_Publications,15.0,113.0,4.0,132.0
EDF,Group_Reddit,1.0,7.0,2.0,10.0
"EDF Energy (operator of Hinkley Point C, but not mentioned as operator of Sizewell C), UK Government",Group_Nuclear_Publications,,1.0,,1.0
EDF Group,Group_Nuclear_Publications,,2.0,,2.0
EGIS Industries,Group_Reddit,,1.0,,1.0
EIB,Group_Nuclear_Publications,,1.0,,1.0
ENEA,Group_Nuclear_Publications,2.0,9.0,,11.0
ENEA,Group_Reddit,,1.0,,1.0
ENEA Group,Group_Nuclear_Publications,1.0,1.0,,2.0
EPR,Group_Nuclear_Publications,1.0,2.0,,3.0
EPR,Group_Reddit,,1.0,,1.0
EPR-2 (no company name),Group_Nuclear_Publications,1.0,,,1.0
EPR2,Group_Nuclear_Publications,,1.0,,1.0
EPRI,Group_Nuclear_Publications,,2.0,1.0,3.0
ERA,Group_Nuclear_Publications,,1.0,,1.0
ES Fox,Group_Nuclear_Publications,3.0,2.0,,5.0
ES Fox Limited,Group_Nuclear_Publications,,1.0,,1.0
EU,Group_Nuclear_Publications,,1.0,,1.0
EXIM,Group_Nuclear_Publications,,1.0,,1.0
EXIM Bank Romania,Group_Nuclear_Publications,,1.0,,1.0
Earth Venture Capital,Group_Nuclear_Publications,,1.0,,1.0
Eco-Optima,Group_Nuclear_Publications,,3.0,,3.0
Edison,Group_Nuclear_Publications,1.0,6.0,,7.0
Edvance UK,Group_Nuclear_Publications,,1.0,,1.0
Efinor,Group_Nuclear_Publications,,1.0,,1.0
Egis,Group_Nuclear_Publications,,2.0,,2.0
Electrabel,Group_Nuclear_Publications,,1.0,,1.0
Electric Power Research Institute,Group_Nuclear_Publications,,5.0,,5.0
Electricité de France,Group_Nuclear_Publications,,3.0,,3.0
Electrogrup,Group_Nuclear_Publications,,1.0,,1.0
Elektrárna Dukovany II,Group_Nuclear_Publications,1.0,1.0,,2.0
Eletrobras,Group_Nuclear_Publications,,1.0,,1.0
Eletronuclear,Group_Nuclear_Publications,,1.0,,1.0
Elysee,Group_Nuclear_Publications,,1.0,,1.0
Emanuel Macron,Group_Nuclear_Publications,,1.0,,1.0
Emirates Nuclear Energy Corporation (Enec),Group_Nuclear_Publications,1.0,9.0,1.0,11.0
Emissions Reduction Alberta,Group_Nuclear_Publications,,1.0,,1.0
Enec,Group_Nuclear_Publications,3.0,18.0,,21.0
Enel,Group_Nuclear_Publications,3.0,3.0,,6.0
Energoatom,Group_Nuclear_Publications,2.0,25.0,,27.0
Energoflot,Group_Nuclear_Publications,,1.0,,1.0
Energomontaz-Polnoc Gdynia,Group_Nuclear_Publications,,1.0,,1.0
Energy Exploration,Group_Nuclear_Publications,,1.0,,1.0
Energy Northwest,Group_Nuclear_Publications,1.0,9.0,2.0,12.0
Energy Northwest,Group_Reddit,,1.0,,1.0
Enfission,Group_Nuclear_Publications,,1.0,,1.0
Engie,Group_Nuclear_Publications,1.0,5.0,,6.0
Engie,Group_Reddit,,1.0,,1.0
Engie-Electrabel,Group_Nuclear_Publications,,2.0,,2.0
Ensreg,Group_Nuclear_Publications,,1.0,,1.0
Entergy,Group_Nuclear_Publications,,7.0,,7.0
Entergy,Group_Reddit,,1.0,,1.0
Entergy Corporation,Group_Nuclear_Publications,,3.0,,3.0
Entra1,Group_Nuclear_Publications,,2.0,1.0,3.0
Environment Agency (EA),Group_Nuclear_Publications,1.0,,,1.0
Envision AESC,Group_Nuclear_Publications,,1.0,,1.0
Equitix,Group_Nuclear_Publications,,1.0,,1.0
Eren Groupe,Group_Nuclear_Publications,,1.0,,1.0
Eskom,Group_Nuclear_Publications,,2.0,,2.0
Euratom,Group_Nuclear_Publications,,1.0,,1.0
European Bank for Reconstruction and Development,Group_Nuclear_Publications,,2.0,,2.0
European Commission,Group_Nuclear_Publications,,1.0,,1.0
European Investment Bank (EIB),Group_Nuclear_Publications,1.0,5.0,,6.0
European Union,Group_Nuclear_Publications,,1.0,,1.0
Evonik AG,Group_Nuclear_Publications,,1.0,,1.0
Exelon,Group_Nuclear_Publications,,2.0,,2.0
Exelon,Group_Reddit,,1.0,,1.0
Exelon Generation,Group_Nuclear_Publications,1.0,,,1.0
Expedition Engineering,Group_Nuclear_Publications,,4.0,,4.0
Export Development Canada,Group_Nuclear_Publications,,1.0,,1.0
Export-Import Bank of Korea (Kexim),Group_Nuclear_Publications,,1.0,,1.0
ExxonMobil,Group_Nuclear_Publications,,1.0,,1.0
FAB,Group_Nuclear_Publications,,1.0,,1.0
FDS,Group_Nuclear_Publications,,1.0,,1.0
FPCU Feldioara,Group_Nuclear_Publications,,1.0,,1.0
FPoliSolutions,Group_Nuclear_Publications,,1.0,,1.0
Famak,Group_Nuclear_Publications,,1.0,,1.0
Farvatn,Group_Nuclear_Publications,,1.0,,1.0
Federal Authority for Nuclear Regulation (FANR),Group_Nuclear_Publications,,,1.0,1.0
Fennovoima,Group_Nuclear_Publications,,1.0,,1.0
Fermi Energia,Group_Nuclear_Publications,7.0,18.0,2.0,27.0
Fermi Energia,Group_Reddit,,1.0,,1.0
Fincantieri,Group_Nuclear_Publications,3.0,1.0,2.0,6.0
Finnish Energy,Group_Nuclear_Publications,,1.0,,1.0
First Abu Dhabi Bank,Group_Nuclear_Publications,,1.0,,1.0
First Nations Power Authority (FNPA),Group_Nuclear_Publications,,1.0,,1.0
Fitch Ratings,Group_Nuclear_Publications,,1.0,,1.0
Flibe,Group_Reddit,,1.0,,1.0
Fluor,Group_Nuclear_Publications,,2.0,,2.0
Fluor,Group_Reddit,,,1.0,1.0
Fluor Corporation,Group_Nuclear_Publications,1.0,8.0,1.0,10.0
Ford,Group_Reddit,,1.0,,1.0
Fortum,Group_Nuclear_Publications,10.0,15.0,1.0,26.0
Foster + Partners,Group_Nuclear_Publications,,1.0,,1.0
Fostering ALfred CONstruction (FALCON),Group_Nuclear_Publications,,1.0,,1.0
Framatome,Group_Nuclear_Publications,1.0,20.0,3.0,24.0
Framatome,Group_Reddit,1.0,3.0,1.0,5.0
France,Group_Nuclear_Publications,,5.0,,5.0
France's Orano,Group_Nuclear_Publications,1.0,,,1.0
French,Group_Nuclear_Publications,,1.0,,1.0
French Alternative Energies and Atomic Energy Commission,Group_Nuclear_Publications,1.0,1.0,,2.0
Fucina Italia,Group_Nuclear_Publications,2.0,,,2.0
Fuel Cell Energy,Group_Nuclear_Publications,,1.0,,1.0
FuelCell Energy,Group_Nuclear_Publications,,2.0,1.0,3.0
GA,Group_Reddit,,1.0,,1.0
GA Electromagnetic Systems,Group_Nuclear_Publications,,1.0,,1.0
GA-EMS,Group_Nuclear_Publications,,1.0,,1.0
GAP,Group_Nuclear_Publications,,1.0,,1.0
GBN,Group_Nuclear_Publications,,7.0,,7.0
GBN,Group_Reddit,,1.0,,1.0
GE,Group_Nuclear_Publications,,5.0,,5.0
GE,Group_Reddit,,10.0,5.0,15.0
GE Steam Power,Group_Nuclear_Publications,,2.0,,2.0
GE Vernova,Group_Nuclear_Publications,,6.0,,6.0
GE Vernova's Nuclear business,Group_Nuclear_Publications,,1.0,,1.0
GE Vernova’s Global Nuclear Fuel (GNF),Group_Nuclear_Publications,,1.0,,1.0
GE-H,Group_Reddit,,,1.0,1.0
GE-Hitachi,Group_Nuclear_Publications,25.0,86.0,10.0,121.0
GE-Hitachi,Group_Reddit,,16.0,4.0,20.0
GE-Hitachi Nuclear Energy,Group_Nuclear_Publications,22.0,43.0,5.0,70.0
GE-Hitachi Nuclear Energy International,Group_Nuclear_Publications,,6.0,,6.0
GERB Vibration Control Systems,Group_Nuclear_Publications,,1.0,,1.0
GFP,Group_Nuclear_Publications,,1.0,,1.0
GLE,Group_Nuclear_Publications,1.0,2.0,,3.0
GMET,Group_Reddit,,1.0,,1.0
GS E&C,Group_Nuclear_Publications,,1.0,,1.0
GS Energy,Group_Nuclear_Publications,,3.0,1.0,4.0
GS Energy Corporation,Group_Nuclear_Publications,,1.0,1.0,2.0
GS Engineering & Construction (GS E&C),Group_Nuclear_Publications,,1.0,,1.0
GSE Solutions,Group_Nuclear_Publications,1.0,1.0,,2.0
General Atomics,Group_Nuclear_Publications,,3.0,1.0,4.0
General Atomics,Group_Reddit,,2.0,,2.0
General Electric,Group_Nuclear_Publications,1.0,2.0,2.0,5.0
General Electric,Group_Reddit,,2.0,1.0,3.0
General Electric Global Research,Group_Nuclear_Publications,,2.0,,2.0
General Electric Hitachi,Group_Nuclear_Publications,,1.0,,1.0
General Electric Holding (GEH),Group_Nuclear_Publications,,1.0,,1.0
General Fusion,Group_Nuclear_Publications,,1.0,,1.0
Georgia Power,Group_Nuclear_Publications,,1.0,,1.0
Getka,Group_Nuclear_Publications,,1.0,,1.0
Ghana Atomic Energy Commission,Group_Nuclear_Publications,,2.0,,2.0
Gleeds,Group_Nuclear_Publications,,1.0,,1.0
Global First Power,Group_Nuclear_Publications,,1.0,,1.0
Global Laser Enrichment,Group_Nuclear_Publications,,4.0,,4.0
Global Nuclear Fuel,Group_Nuclear_Publications,,1.0,,1.0
Global Power Synergy Public Company Limited (GPSC),Group_Nuclear_Publications,,2.0,,2.0
Government of Canada’s Alberta province,Group_Nuclear_Publications,1.0,,,1.0
Granitor Growth Management,Group_Nuclear_Publications,,1.0,,1.0
Grant County Public Utility District,Group_Nuclear_Publications,,1.0,,1.0
Great British Energy,Group_Nuclear_Publications,1.0,1.0,,2.0
Great British Nuclear,Group_Nuclear_Publications,6.0,27.0,2.0,35.0
Green Energy Partners,Group_Nuclear_Publications,,1.0,,1.0
Green Energy Partners,Group_Reddit,,1.0,,1.0
Greenpeace Energy,Group_Reddit,,1.0,,1.0
Gresham House Secure Income Renewable Energy & Storage LP (SIRES),Group_Nuclear_Publications,,1.0,,1.0
Groupement des Industriels Français de l'Energie Nucléaire (Gifen),Group_Nuclear_Publications,,,1.0,1.0
Grupa Azoty,Group_Nuclear_Publications,,1.0,,1.0
Grupa Azoty Police,Group_Nuclear_Publications,,1.0,,1.0
Grupa Azoty Zakłady Chemiczne Police (GAP),Group_Nuclear_Publications,,1.0,,1.0
H Line Shipping,Group_Nuclear_Publications,,,1.0,1.0
HD Hyundai,Group_Nuclear_Publications,,5.0,,5.0
HD Hyundai,Group_Reddit,,1.0,,1.0
HD KSOE,Group_Nuclear_Publications,,2.0,,2.0
HD Korea Shipbuilding & Marine Engineering,Group_Nuclear_Publications,,4.0,,4.0
HDEC,Group_Nuclear_Publications,,1.0,1.0,2.0
HEC,Group_Nuclear_Publications,,1.0,,1.0
HG,Group_Nuclear_Publications,,1.0,,1.0
HOBEG,Group_Nuclear_Publications,,1.0,,1.0
Habboush Group,Group_Nuclear_Publications,,,1.0,1.0
Hainan Nuclear Energy Company,Group_Nuclear_Publications,1.0,,,1.0
Hainan Nuclear Power Company,Group_Nuclear_Publications,,4.0,,4.0
Halden Kjernekraft AS,Group_Nuclear_Publications,2.0,2.0,,4.0
Halla EB Technology,Group_Nuclear_Publications,,1.0,,1.0
Hanwha E&C,Group_Nuclear_Publications,,1.0,,1.0
Hatch,Group_Nuclear_Publications,1.0,9.0,,10.0
Hatch Ltd,Group_Nuclear_Publications,,3.0,,3.0
Hayward Tyler,Group_Nuclear_Publications,,1.0,,1.0
Heathrow,Group_Nuclear_Publications,,1.0,,1.0
Helen,Group_Nuclear_Publications,1.0,7.0,1.0,9.0
Herbert Engineering Corp (HEC),Group_Nuclear_Publications,,1.0,,1.0
Hinkley,Group_Nuclear_Publications,,,1.0,1.0
Hinkley point c,Group_Reddit,,1.0,,1.0
Hitachi,Group_Nuclear_Publications,5.0,9.0,3.0,17.0
Hitachi,Group_Reddit,,2.0,,2.0
Hitachi Vantara,Group_Reddit,,,1.0,1.0
Hokkaido,Group_Nuclear_Publications,,1.0,,1.0
Holtec,Group_Nuclear_Publications,6.0,85.0,4.0,95.0
Holtec,Group_Reddit,,7.0,2.0,9.0
Holtec Britain,Group_Nuclear_Publications,5.0,16.0,1.0,22.0
Holtec Britain Limited,Group_Nuclear_Publications,,3.0,,3.0
Holtec Maintenance & Modification International (HMI),Group_Nuclear_Publications,,1.0,,1.0
Hoosier Energy,Group_Nuclear_Publications,,3.0,,3.0
Horizon,Group_Reddit,,1.0,,1.0
Horizon Nuclear Power,Group_Nuclear_Publications,,1.0,1.0,2.0
Horizon Nuclear Power,Group_Reddit,,2.0,,2.0
Howden,Group_Nuclear_Publications,,3.0,,3.0
Hualong,Group_Reddit,,2.0,,2.0
Huaneng,Group_Nuclear_Publications,,1.0,,1.0
Huaneng Company,Group_Nuclear_Publications,,1.0,,1.0
Hydromine Nuclear Energy,Group_Nuclear_Publications,2.0,,,2.0
Hyundai E&C,Group_Nuclear_Publications,,7.0,,7.0
Hyundai Engineering,Group_Nuclear_Publications,,4.0,,4.0
Hyundai Engineering & Construction,Group_Nuclear_Publications,1.0,8.0,,9.0
Hyundai Engineering & Construction,Group_Reddit,,2.0,,2.0
Hyundai Engineering & Construction Co Ltd (Hyundai E&C),Group_Nuclear_Publications,,,1.0,1.0
Hyundai Heavy Industries,Group_Nuclear_Publications,,1.0,,1.0
Hyundai Merchant Marine,Group_Nuclear_Publications,,,1.0,1.0
IAEA,Group_Nuclear_Publications,,4.0,,4.0
IBNI,Group_Nuclear_Publications,,1.0,,1.0
IDOM,Group_Nuclear_Publications,,3.0,,3.0
IEEFA,Group_Reddit,,,1.0,1.0
IHI Corp.,Group_Nuclear_Publications,,1.0,,1.0
IHI Corporation,Group_Nuclear_Publications,1.0,3.0,,4.0
IHS Markit,Group_Nuclear_Publications,,,1.0,1.0
IMI Critical Engineering,Group_Nuclear_Publications,,1.0,,1.0
INET-CNNC,Group_Nuclear_Publications,,1.0,,1.0
INVAP,Group_Nuclear_Publications,,4.0,,4.0
IP3 Corporation,Group_Nuclear_Publications,,1.0,,1.0
IRSN,Group_Nuclear_Publications,,1.0,,1.0
ISL,Group_Reddit,,1.0,,1.0
IST,Group_Nuclear_Publications,,2.0,,2.0
ITER Organisation,Group_Nuclear_Publications,,1.0,,1.0
ITM,Group_Nuclear_Publications,,1.0,,1.0
ITM Isotope Technologies Munich,Group_Nuclear_Publications,,1.0,,1.0
Iceberg Research,Group_Nuclear_Publications,,,1.0,1.0
Idaho National Laboratory,Group_Nuclear_Publications,,6.0,,6.0
Idaho National Laboratory (INL),Group_Nuclear_Publications,,4.0,,4.0
Ignalina Nuclear Power Plant,Group_Nuclear_Publications,,1.0,,1.0
Imabari Shipbuilding,Group_Nuclear_Publications,,1.0,,1.0
Indonesia Power,Group_Nuclear_Publications,,3.0,,3.0
Industria,Group_Nuclear_Publications,,8.0,1.0,9.0
Industrial Development Agency JSC (IDA),Group_Nuclear_Publications,,1.0,,1.0
Industrias Metalúrgicas Pescarmona SA (IMPSA),Group_Nuclear_Publications,,1.0,,1.0
Ingérop,Group_Nuclear_Publications,1.0,2.0,,3.0
Innovate UK Business Connect,Group_Nuclear_Publications,,1.0,,1.0
Innovation Fund,Group_Nuclear_Publications,,1.0,,1.0
Institute of Nuclear and New Energy Technologies of Tsinghua University,Group_Nuclear_Publications,,1.0,,1.0
International Atomic Energy Agency,Group_Nuclear_Publications,,3.0,,3.0
International Bank for Nuclear Infrastructure (IBNI),Group_Nuclear_Publications,,1.0,,1.0
International Container Terminal Services (ICTSCI),Group_Nuclear_Publications,,1.0,,1.0
Interpath Advisory,Group_Nuclear_Publications,,2.0,,2.0
Invap SE,Group_Nuclear_Publications,,,1.0,1.0
Ispe,Group_Nuclear_Publications,,1.0,,1.0
Italian Space Agency,Group_Nuclear_Publications,,1.0,,1.0
JAEA,Group_Nuclear_Publications,,3.0,1.0,4.0
JAEA,Group_Reddit,,1.0,,1.0
JAVYS,Group_Nuclear_Publications,1.0,3.0,,4.0
JGC Corp.,Group_Nuclear_Publications,,1.0,,1.0
JGC Corporation,Group_Nuclear_Publications,1.0,5.0,,6.0
JGC Holdings,Group_Nuclear_Publications,,1.0,,1.0
JIMMY,Group_Reddit,,,1.0,1.0
JSC Luch,Group_Nuclear_Publications,,1.0,,1.0
Jacobs,Group_Nuclear_Publications,6.0,7.0,,13.0
Jacobs Naarea,Group_Nuclear_Publications,,1.0,,1.0
Jacobs UK,Group_Nuclear_Publications,1.0,1.0,,2.0
Jadrová Energetická Spolocnost Slovenska,Group_Nuclear_Publications,,1.0,,1.0
Janggeum Merchant Marine,Group_Nuclear_Publications,,,1.0,1.0
Japan,Group_Nuclear_Publications,,1.0,,1.0
Japan Atomic Energy Agency,Group_Nuclear_Publications,,2.0,,2.0
Japan Atomic Industrial Forum,Group_Nuclear_Publications,,2.0,1.0,3.0
Japan Bank for International Cooperation,Group_Nuclear_Publications,,1.0,,1.0
John Hopkins,Group_Nuclear_Publications,,1.0,,1.0
Joint Research Centre,Group_Nuclear_Publications,,2.0,,2.0
K-Sure,Group_Nuclear_Publications,1.0,1.0,,2.0
KAERI,Group_Nuclear_Publications,1.0,5.0,,6.0
KEPCO E&C,Group_Nuclear_Publications,,7.0,,7.0
KERI,Group_Nuclear_Publications,,1.0,,1.0
KGHM,Group_Nuclear_Publications,1.0,9.0,,10.0
KGHM Polska Miedz,Group_Nuclear_Publications,4.0,12.0,,16.0
KIMM,Group_Nuclear_Publications,,1.0,,1.0
KPMG,Group_Nuclear_Publications,,1.0,1.0,2.0
KPPN (Courtesy KNPP),Group_Nuclear_Publications,,1.0,,1.0
KSOE,Group_Nuclear_Publications,,2.0,,2.0
Kairos,Group_Nuclear_Publications,1.0,4.0,,5.0
Kairos,Group_Reddit,,2.0,,2.0
Kansai,Group_Nuclear_Publications,,1.0,,1.0
Kazatomprom,Group_Nuclear_Publications,,3.0,,3.0
Kepco,Group_Nuclear_Publications,2.0,10.0,1.0,13.0
Kepco Engineering & Construction,Group_Nuclear_Publications,1.0,3.0,,4.0
Kepco Nuclear Fuel,Group_Nuclear_Publications,,2.0,,2.0
Kernkraftwerk Gösgen-Däniken AG,Group_Nuclear_Publications,,1.0,,1.0
Kernkraftwerk Leibstadt AG,Group_Nuclear_Publications,,1.0,,1.0
Kerry,Group_Nuclear_Publications,1.0,,,1.0
Kexim,Group_Nuclear_Publications,1.0,4.0,,5.0
Kia,Group_Reddit,,1.0,,1.0
Kind Atom Oy,Group_Nuclear_Publications,,2.0,,2.0
Kinectrics Inc,Group_Nuclear_Publications,1.0,7.0,,8.0
Korea Atomic Energy,Group_Nuclear_Publications,,,1.0,1.0
Korea Atomic Energy Research Institute,Group_Nuclear_Publications,,4.0,,4.0
Korea Electric Power,Group_Nuclear_Publications,,1.0,,1.0
Korea Electric Power Company (Kepco),Group_Nuclear_Publications,1.0,2.0,,3.0
Korea Electric Power Corporation,Group_Nuclear_Publications,1.0,3.0,,4.0
Korea Gas Corp (KOGAS),Group_Nuclear_Publications,,1.0,,1.0
Korea Hydro & Nuclear Power,Group_Nuclear_Publications,6.0,21.0,1.0,28.0
Korea National Oil Corp (KNOC),Group_Nuclear_Publications,,1.0,,1.0
Korea hydro and Nuclear Power (KHNP),Group_Nuclear_Publications,2.0,19.0,2.0,23.0
Korea hydro and Nuclear Power (KHNP),Group_Reddit,,1.0,,1.0
Kostrzyn-Słubicka Special Economic Zone SA (KSSSE),Group_Nuclear_Publications,,2.0,,2.0
Koya Capital,Group_Nuclear_Publications,,1.0,,1.0
Kumho E&C,Group_Nuclear_Publications,,1.0,,1.0
Kuopio Energy,Group_Nuclear_Publications,,2.0,,2.0
Kuopio Energy,Group_Reddit,,1.0,,1.0
Kyushu,Group_Nuclear_Publications,,1.0,,1.0
Kärnfull Future AB,Group_Nuclear_Publications,,1.0,,1.0
Kärnfull Next,Group_Nuclear_Publications,1.0,11.0,,12.0
LDR,Group_Nuclear_Publications,,1.0,,1.0
LDR-50,Group_Reddit,,1.0,,1.0
LEP,Group_Nuclear_Publications,,2.0,,2.0
LFR,Group_Nuclear_Publications,1.0,,,1.0
LIS,Group_Nuclear_Publications,,1.0,,1.0
LISCR,Group_Nuclear_Publications,,2.0,,2.0
LSEZ,Group_Nuclear_Publications,,1.0,,1.0
Labour,Group_Nuclear_Publications,,1.0,,1.0
Laing O'Rourke,Group_Nuclear_Publications,5.0,1.0,,6.0
Last Energy,Group_Nuclear_Publications,,15.0,,15.0
Laurentis,Group_Nuclear_Publications,1.0,2.0,,3.0
Laurentis Energy Partners,Group_Nuclear_Publications,,6.0,,6.0
Laurentis Energy Partners,Group_Reddit,,1.0,,1.0
Leadcold,Group_Nuclear_Publications,,4.0,,4.0
Leadcold Reactors,Group_Nuclear_Publications,1.0,,,1.0
Legal & General,Group_Nuclear_Publications,,1.0,,1.0
Lifeline Ventures,Group_Nuclear_Publications,,1.0,,1.0
Lightbridge,Group_Nuclear_Publications,,8.0,3.0,11.0
Lightbridge Corporation,Group_Nuclear_Publications,1.0,9.0,,10.0
Limac Company,Group_Nuclear_Publications,,1.0,,1.0
Lloyd Resister,Group_Nuclear_Publications,,1.0,,1.0
Los Alamos,Group_Reddit,,1.0,,1.0
Los Alamos National Labs,Group_Nuclear_Publications,,1.0,,1.0
Lotte Chemical Corp,Group_Nuclear_Publications,,1.0,,1.0
M Vestt,Group_Nuclear_Publications,,1.0,1.0,2.0
MHI,Group_Nuclear_Publications,,1.0,,1.0
MIT,Group_Nuclear_Publications,,2.0,1.0,3.0
Magnox,Group_Nuclear_Publications,,1.0,,1.0
Magnox / Nuclear Restoration Services,Group_Nuclear_Publications,,1.0,,1.0
Magnox Ltd,Group_Nuclear_Publications,,2.0,,2.0
Maire Tecnimont,Group_Nuclear_Publications,1.0,,,1.0
Marine Engineering Bureau Malakhit,Group_Nuclear_Publications,,1.0,,1.0
Max Planck Institute for Plasma Physics (IPP),Group_Nuclear_Publications,,1.0,,1.0
Meralco,Group_Nuclear_Publications,,2.0,,2.0
Metatomic,Group_Nuclear_Publications,,1.0,,1.0
Microsoft,Group_Nuclear_Publications,,4.0,,4.0
Microsoft,Group_Reddit,,,1.0,1.0
Microsoft Canada,Group_Nuclear_Publications,,1.0,,1.0
Mineral Products Association,Group_Nuclear_Publications,,1.0,,1.0
Mitsubishi,Group_Nuclear_Publications,,2.0,,2.0
Mitsubishi Electric,Group_Nuclear_Publications,,3.0,,3.0
Mitsubishi Electric,Group_Reddit,,2.0,,2.0
Mitsubishi FBR Systems (MFBR),Group_Nuclear_Publications,,1.0,,1.0
Mo Industripark,Group_Nuclear_Publications,,2.0,,2.0
Moltex,Group_Nuclear_Publications,2.0,18.0,3.0,23.0
Moltex,Group_Reddit,,4.0,1.0,5.0
MonAtom,Group_Nuclear_Publications,,1.0,,1.0
Morson,Group_Nuclear_Publications,,2.0,,2.0
Mostostal Kielce,Group_Nuclear_Publications,,1.0,,1.0
Mostostal Krakow,Group_Nuclear_Publications,,1.0,,1.0
Mott MacDonald,Group_Nuclear_Publications,2.0,7.0,,9.0
Mubadala,Group_Nuclear_Publications,,1.0,,1.0
Murphy Group,Group_Nuclear_Publications,,1.0,,1.0
NA-SA,Group_Nuclear_Publications,,3.0,,3.0
NAC,Group_Nuclear_Publications,,2.0,,2.0
NAC International,Group_Nuclear_Publications,,4.0,,4.0
NAC Kazatomprom JSC,Group_Nuclear_Publications,,1.0,,1.0
NANO,Group_Nuclear_Publications,,1.0,,1.0
NAP,Group_Nuclear_Publications,,2.0,,2.0
NASA,Group_Nuclear_Publications,,1.0,,1.0
NB Power,Group_Nuclear_Publications,1.0,9.0,1.0,11.0
NDA,Group_Nuclear_Publications,,2.0,,2.0
NEI,Group_Reddit,,1.0,,1.0
NEMO,Group_Nuclear_Publications,,1.0,,1.0
NFT,Group_Nuclear_Publications,,1.0,,1.0
NFT Inc,Group_Nuclear_Publications,,1.0,,1.0
NGSI,Group_Nuclear_Publications,,1.0,,1.0
NIKIET JSC,Group_Nuclear_Publications,,1.0,,1.0
NNL,Group_Nuclear_Publications,,1.0,,1.0
NPCIL,Group_Nuclear_Publications,,2.0,,2.0
NPM,Group_Nuclear_Publications,,1.0,,1.0
NPPD,Group_Nuclear_Publications,,1.0,,1.0
NRC,Group_Nuclear_Publications,,3.0,,3.0
NRC,Group_Reddit,,2.0,,2.0
NRCan,Group_Nuclear_Publications,,1.0,,1.0
NRG,Group_Nuclear_Publications,,4.0,,4.0
NRG,Group_Reddit,,1.0,,1.0
NRGIPALLAS,Group_Nuclear_Publications,,2.0,,2.0
NSERC,Group_Nuclear_Publications,,1.0,,1.0
NTS,Group_Nuclear_Publications,,2.0,,2.0
NUKEM,Group_Nuclear_Publications,,4.0,,4.0
Naarea,Group_Nuclear_Publications,2.0,8.0,,10.0
Naarea,Group_Reddit,,,1.0,1.0
Nadia Calviño,Group_Nuclear_Publications,1.0,,,1.0
NatWest,Group_Nuclear_Publications,,1.0,,1.0
National Grid,Group_Nuclear_Publications,,2.0,,2.0
National Ignition Facility,Group_Nuclear_Publications,,1.0,,1.0
National Nuclear Laboratory,Group_Nuclear_Publications,8.0,4.0,,12.0
National Radiation Protection Institute,Group_Nuclear_Publications,,1.0,,1.0
National Research and Innovation Agency of Indonesia,Group_Nuclear_Publications,,1.0,,1.0
National Technical Systems,Group_Nuclear_Publications,1.0,,,1.0
Natrium,Group_Nuclear_Publications,,1.0,,1.0
Natrium,Group_Reddit,,1.0,,1.0
Natural Resources Wales (NRW),Group_Nuclear_Publications,1.0,,,1.0
Naval Group,Group_Nuclear_Publications,1.0,5.0,,6.0
Naval Group,Group_Reddit,1.0,,,1.0
Nawah Energy Company,Group_Nuclear_Publications,,1.0,,1.0
Nebraska Public Power District (NPPD),Group_Nuclear_Publications,,2.0,,2.0
Necsa,Group_Nuclear_Publications,,2.0,,2.0
Nest,Group_Nuclear_Publications,,1.0,,1.0
Netcity,Group_Nuclear_Publications,,1.0,,1.0
New Brunswick Power,Group_Nuclear_Publications,1.0,3.0,,4.0
New Monark,Group_Reddit,,1.0,,1.0
NextChem Tech,Group_Nuclear_Publications,2.0,1.0,,3.0
Nippon Export and Investment Insurance,Group_Nuclear_Publications,,1.0,,1.0
Nissan,Group_Nuclear_Publications,,1.0,,1.0
Norilsk Nickel,Group_Nuclear_Publications,,2.0,,2.0
Norrsken Launcher,Group_Nuclear_Publications,,1.0,,1.0
Norsk Kjernekraft,Group_Nuclear_Publications,3.0,23.0,1.0,27.0
Northern Powerhouse Partnership,Group_Nuclear_Publications,,1.0,,1.0
Norwegian Water & Energy Directorate (NVE),Group_Nuclear_Publications,,1.0,,1.0
Nova Power & Gas,Group_Nuclear_Publications,1.0,11.0,,12.0
NovaWind,Group_Nuclear_Publications,,1.0,,1.0
NuCycle,Group_Nuclear_Publications,,1.0,,1.0
NuScale,Group_Nuclear_Publications,35.0,183.0,15.0,233.0
NuScale,Group_Reddit,,43.0,20.0,63.0
NuScale Power Corporation,Group_Nuclear_Publications,1.0,8.0,2.0,11.0
NuScale Power Module,Group_Nuclear_Publications,,1.0,,1.0
Nuclear Alternative Project (NAP),Group_Nuclear_Publications,,1.0,,1.0
Nuclear Decommissioning Authority (NDA),Group_Nuclear_Publications,,5.0,,5.0
Nuclear Energy Institute,Group_Nuclear_Publications,,4.0,1.0,5.0
Nuclear Industry Association,Group_Nuclear_Publications,2.0,7.0,2.0,11.0
Nuclear Power Corporation of India Ltd,Group_Nuclear_Publications,,4.0,,4.0
Nuclear Power Ghana,Group_Nuclear_Publications,,5.0,,5.0
Nuclear Power Institute of China,Group_Nuclear_Publications,,2.0,,2.0
Nuclear Power Research & Design Institute of China,Group_Nuclear_Publications,,2.0,,2.0
Nuclear Regulatory Authority of Slovakia,Group_Nuclear_Publications,1.0,,,1.0
Nuclear Technology Germany (KernD),Group_Reddit,,,1.0,1.0
Nuclear Transport Solutions,Group_Nuclear_Publications,,2.0,,2.0
Nuclear Waste Services,Group_Nuclear_Publications,,1.0,,1.0
Nuclearelectrica,Group_Nuclear_Publications,3.0,28.0,1.0,32.0
Nucleation Capital,Group_Nuclear_Publications,,1.0,,1.0
Nucleoeléctrica Argentina SA (NA-SA),Group_Nuclear_Publications,,1.0,,1.0
Nucor,Group_Nuclear_Publications,,1.0,,1.0
Nuward,Group_Nuclear_Publications,2.0,11.0,,13.0
Nuward,Group_Reddit,,1.0,,1.0
OCNI,Group_Nuclear_Publications,,1.0,,1.0
OECD-Nuclear Energy Agency,Group_Nuclear_Publications,,2.0,,2.0
OKBM Africantov,Group_Nuclear_Publications,,2.0,,2.0
OKG,Group_Nuclear_Publications,1.0,1.0,,2.0
OKLO (VOYGR packs),Group_Reddit,,1.0,,1.0
ONR,Group_Nuclear_Publications,,3.0,,3.0
ONR,Group_Reddit,,1.0,,1.0
ORNL,Group_Nuclear_Publications,,2.0,,2.0
OSGE,Group_Nuclear_Publications,1.0,8.0,,9.0
OSGE,Group_Reddit,,1.0,,1.0
Oakridge,Group_Nuclear_Publications,,1.0,,1.0
Office for Nuclear Regulation,Group_Nuclear_Publications,2.0,2.0,,4.0
Oklo,Group_Nuclear_Publications,1.0,6.0,,7.0
Oklo,Group_Reddit,,,1.0,1.0
Omaha Public Power District,Group_Nuclear_Publications,,1.0,,1.0
Omexom,Group_Nuclear_Publications,,1.0,,1.0
Omexom and Taylor Woodrow JV (OTW),Group_Nuclear_Publications,,1.0,,1.0
Onet Technologies,Group_Nuclear_Publications,1.0,3.0,,4.0
Onomichi Dockyard,Group_Nuclear_Publications,,1.0,,1.0
Ontario Power Generation,Group_Nuclear_Publications,20.0,65.0,4.0,89.0
Ontario Power Generation,Group_Reddit,,5.0,1.0,6.0
Ontario Tech (OTU),Group_Nuclear_Publications,,1.0,,1.0
Orano,Group_Nuclear_Publications,2.0,22.0,,24.0
Orano,Group_Reddit,,1.0,,1.0
Organisation of Canadian Nuclear Industries (OCNI),Group_Nuclear_Publications,,1.0,,1.0
Orgenergostroy,Group_Nuclear_Publications,,1.0,,1.0
Orlen,Group_Nuclear_Publications,,4.0,,4.0
Orlen Sythnos Green Energy,Group_Nuclear_Publications,11.0,27.0,2.0,40.0
Outokumpu,Group_Nuclear_Publications,2.0,,2.0,4.0
PA Consulting,Group_Nuclear_Publications,,1.0,,1.0
PCL Nuclear Management Inc,Group_Nuclear_Publications,,2.0,,2.0
PEJ,Group_Nuclear_Publications,,1.0,1.0,2.0
PGE,Group_Nuclear_Publications,,4.0,1.0,5.0
PGE EJ1,Group_Nuclear_Publications,,,1.0,1.0
PGE PAK Energia Nuclear,Group_Nuclear_Publications,,1.0,,1.0
PGE Pak Energia Jadrowa,Group_Nuclear_Publications,,2.0,,2.0
PK Valve,Group_Nuclear_Publications,,1.0,,1.0
PKN Orlen,Group_Nuclear_Publications,9.0,8.0,1.0,18.0
PKN Orlen,Group_Reddit,,1.0,,1.0
PLN,Group_Nuclear_Publications,,2.0,,2.0
PSC,Group_Nuclear_Publications,,1.0,,1.0
PT Batan Teknologi,Group_Nuclear_Publications,,1.0,,1.0
PT PLN (Persero),Group_Nuclear_Publications,,1.0,,1.0
PT Pertamina Power Indonesia,Group_Nuclear_Publications,,1.0,,1.0
PTT,Group_Nuclear_Publications,,2.0,,2.0
PTT Group,Group_Nuclear_Publications,,1.0,,1.0
PWRs,Group_Reddit,,1.0,,1.0
PacifiCorp,Group_Nuclear_Publications,,4.0,,4.0
Pacific Northwest Division,Group_Nuclear_Publications,,1.0,,1.0
Pacific Northwest National Laboratory (PNNL),Group_Nuclear_Publications,,2.0,,2.0
Pajarito Scientific Corporation (PSC),Group_Nuclear_Publications,,1.0,,1.0
Pallas,Group_Nuclear_Publications,,1.0,,1.0
Paragon,Group_Nuclear_Publications,,2.0,,2.0
Paragon Energy Solutions,Group_Nuclear_Publications,1.0,4.0,1.0,6.0
Peregrine Turbine Technologies (PTT),Group_Nuclear_Publications,,2.0,,2.0
Perez Companc Group,Group_Nuclear_Publications,,1.0,,1.0
Pertamina New & Renewable Energy,Group_Nuclear_Publications,,1.0,,1.0
Philippines largest power utility,Group_Nuclear_Publications,,1.0,,1.0
Phoenix Group,Group_Nuclear_Publications,,1.0,,1.0
Pinsent Masons,Group_Nuclear_Publications,,1.0,,1.0
Plug Power Siemens,Group_Nuclear_Publications,,1.0,,1.0
Poland's OSGE,Group_Nuclear_Publications,1.0,,,1.0
Polimex Mostostal Siedlce,Group_Nuclear_Publications,,1.0,,1.0
Polskie Elektrownie Jadrowe (PEJ),Group_Nuclear_Publications,3.0,6.0,,9.0
Pompes Rütschi SAS,Group_Nuclear_Publications,2.0,,,2.0
Portsmouth Water,Group_Nuclear_Publications,,1.0,,1.0
Posco E&C,Group_Nuclear_Publications,,2.0,,2.0
Posiva Oy,Group_Nuclear_Publications,,1.0,,1.0
Potomac Communications Group,Group_Reddit,,1.0,,1.0
PreussenElektra,Group_Nuclear_Publications,,1.0,,1.0
PricewaterhouseCoopers LLC (PwC),Group_Nuclear_Publications,,1.0,,1.0
Prime Infra,Group_Nuclear_Publications,,1.0,,1.0
Prime Infrastructure Capital,Group_Nuclear_Publications,,1.0,,1.0
Princeton University,Group_Nuclear_Publications,,1.0,,1.0
Prodigy,Group_Nuclear_Publications,,4.0,,4.0
Prodigy Clean Energy,Group_Nuclear_Publications,,8.0,,8.0
Project Phoenix,Group_Nuclear_Publications,1.0,,,1.0
Puget Sound Energy,Group_Nuclear_Publications,,,1.0,1.0
Pukyong National University,Group_Nuclear_Publications,,1.0,,1.0
Pupuk Kaltim,Group_Nuclear_Publications,,1.0,,1.0
PwC,Group_Nuclear_Publications,,1.0,,1.0
PwC,Group_Reddit,,1.0,,1.0
Qatar's wealth fund,Group_Nuclear_Publications,1.0,,,1.0
RAOS JSC,Group_Nuclear_Publications,,1.0,,1.0
RATEN-ICN,Group_Nuclear_Publications,,2.0,,2.0
RED,Group_Nuclear_Publications,,1.0,,1.0
RINA,Group_Nuclear_Publications,3.0,1.0,2.0,6.0
RITM-200,Group_Nuclear_Publications,,1.0,,1.0
RR,Group_Nuclear_Publications,,1.0,,1.0
RR,Group_Reddit,,4.0,,4.0
Radiant,Group_Nuclear_Publications,,2.0,,2.0
Radiant Industries,Group_Nuclear_Publications,,3.0,,3.0
Raten,Group_Nuclear_Publications,,2.0,,2.0
Raten,Group_Reddit,,1.0,,1.0
Regnum Technology Group,Group_Nuclear_Publications,,3.0,,3.0
Reinvent Energy,Group_Nuclear_Publications,,1.0,,1.0
Respect Energy,Group_Nuclear_Publications,,3.0,,3.0
Reuter-Stokes,Group_Nuclear_Publications,,3.0,2.0,5.0
RhinoCorps,Group_Nuclear_Publications,,1.0,,1.0
RoPower,Group_Nuclear_Publications,3.0,5.0,,8.0
RoPower Nuclear,Group_Nuclear_Publications,,8.0,,8.0
Rock Creek Innovations,Group_Nuclear_Publications,,3.0,,3.0
Rockwell,Group_Nuclear_Publications,,1.0,,1.0
Rolls,Group_Reddit,,1.0,,1.0
Rolls-Royce SMR,Group_Nuclear_Publications,36.0,121.0,14.0,171.0
Rolls-Royce SMR,Group_Reddit,,12.0,9.0,21.0
Rolls-Royce SMR Limited,Group_Nuclear_Publications,1.0,2.0,1.0,4.0
Romanian Atomic Forum,Group_Nuclear_Publications,,1.0,,1.0
Rosatom,Group_Nuclear_Publications,4.0,82.0,3.0,89.0
Rosatom,Group_Reddit,,3.0,2.0,5.0
Rosatom (via RITM-200),Group_Nuclear_Publications,,1.0,,1.0
Rosatom Energy Projects,Group_Nuclear_Publications,,3.0,,3.0
Rosenergoatom,Group_Nuclear_Publications,,5.0,,5.0
Rostekhnadzor,Group_Nuclear_Publications,,1.0,,1.0
Rothschild & Co,Group_Nuclear_Publications,,1.0,,1.0
Rusatom Overseas,Group_Nuclear_Publications,,2.0,,2.0
Russia,Group_Nuclear_Publications,1.0,4.0,,5.0
Russia's TSS Group,Group_Nuclear_Publications,,1.0,,1.0
Russian nuclear industry,Group_Nuclear_Publications,1.0,,,1.0
Rütschi Fluid AG,Group_Nuclear_Publications,2.0,,,2.0
Rütschi Group,Group_Nuclear_Publications,1.0,,,1.0
S&P Platts,Group_Reddit,,1.0,,1.0
SCK CEN,Group_Nuclear_Publications,,4.0,,4.0
SCK CEN,Group_Reddit,,1.0,,1.0
SE,Group_Nuclear_Publications,,1.0,,1.0
SGE,Group_Nuclear_Publications,1.0,2.0,,3.0
SGSC,Group_Nuclear_Publications,,1.0,,1.0
SIMSA,Group_Nuclear_Publications,,2.0,,2.0
SK,Group_Nuclear_Publications,,4.0,,4.0
SK Inc,Group_Nuclear_Publications,,3.0,,3.0
SK Innovation,Group_Nuclear_Publications,,4.0,,4.0
SMART,Group_Nuclear_Publications,,2.0,,2.0
SMART Power Company Ltd,Group_Nuclear_Publications,,1.0,,1.0
SN Nuclearelectrica SA (SNN),Group_Nuclear_Publications,,1.0,,1.0
SNC,Group_Reddit,,1.0,,1.0
SNC-Lavalin,Group_Nuclear_Publications,1.0,15.0,,16.0
SNC-Lavalin,Group_Reddit,,1.0,,1.0
SNN,Group_Nuclear_Publications,,5.0,,5.0
SRS,Group_Nuclear_Publications,,1.0,,1.0
SRS Servizi Ricerche e Sviluppo,Group_Nuclear_Publications,2.0,,,2.0
SSM,Group_Nuclear_Publications,,1.0,,1.0
SUAS Group,Group_Nuclear_Publications,,2.0,,2.0
Saab,Group_Nuclear_Publications,,3.0,,3.0
Saai,Group_Nuclear_Publications,,1.0,,1.0
Samruk-Kazyna,Group_Nuclear_Publications,,1.0,,1.0
Samsung,Group_Nuclear_Publications,,2.0,,2.0
Samsung C&T,Group_Nuclear_Publications,,3.0,,3.0
Samsung C&T Corporation,Group_Nuclear_Publications,,5.0,1.0,6.0
Samsung Heavy Industries,Group_Nuclear_Publications,,6.0,,6.0
Sandia National Laboratories,Group_Nuclear_Publications,,1.0,,1.0
Sargent & Lundy,Group_Nuclear_Publications,,5.0,,5.0
SaskPower,Group_Nuclear_Publications,5.0,13.0,2.0,20.0
Saskatchewan Research Council,Group_Nuclear_Publications,,1.0,,1.0
Saskatchewan Research Council,Group_Reddit,,1.0,,1.0
Schneider Electric,Group_Nuclear_Publications,,2.0,,2.0
Schweitzer Engineering Laboratories,Group_Nuclear_Publications,,1.0,,1.0
Seaborg,Group_Nuclear_Publications,1.0,10.0,,11.0
Seaborg,Group_Reddit,,1.0,,1.0
Seaborg Technologies,Group_Nuclear_Publications,,5.0,,5.0
Segra Capital Management,Group_Nuclear_Publications,,1.0,,1.0
Setec TPI,Group_Nuclear_Publications,,1.0,,1.0
Seven companies (unnamed),Group_Nuclear_Publications,,1.0,,1.0
Shanghai Boiler Works Limited,Group_Nuclear_Publications,,2.0,,2.0
Shanghai Boiler Works Limited,Group_Reddit,,1.0,,1.0
Sheffield Forgemasters,Group_Nuclear_Publications,2.0,8.0,,10.0
Sheffield Forgemasters International (SFI),Group_Nuclear_Publications,,1.0,,1.0
Shell,Group_Nuclear_Publications,,1.0,,1.0
Shell Global Solutions,Group_Nuclear_Publications,,1.0,,1.0
Shepherd Power,Group_Nuclear_Publications,,1.0,,1.0
Shikoku,Group_Nuclear_Publications,,1.0,,1.0
Siemens,Group_Nuclear_Publications,,2.0,,2.0
Silex,Group_Nuclear_Publications,,4.0,,4.0
Silex Systems,Group_Nuclear_Publications,,3.0,,3.0
Silex Systems Limited,Group_Nuclear_Publications,,1.0,,1.0
Six companies,Group_Nuclear_Publications,,1.0,,1.0
Sizewell C,Group_Nuclear_Publications,,1.0,1.0,2.0
Skepast & Puhkim,Group_Nuclear_Publications,,1.0,,1.0
Slovak Nuclear & Decommissioning Company (JAVYS),Group_Nuclear_Publications,,1.0,,1.0
Slovenske Elektrarne,Group_Nuclear_Publications,3.0,8.0,,11.0
Societatea Națională Nuclearelectrica,Group_Nuclear_Publications,,5.0,,5.0
Sokolovska Uhelna,Group_Nuclear_Publications,1.0,2.0,,3.0
Somet,Group_Nuclear_Publications,,1.0,,1.0
South Korea,Group_Nuclear_Publications,,3.0,,3.0
South Korea's state-owned nuclear developer,Group_Nuclear_Publications,,1.0,,1.0
Southern California Edison,Group_Nuclear_Publications,,1.0,,1.0
Southern Company,Group_Nuclear_Publications,,8.0,,8.0
Southern Company,Group_Reddit,,1.0,,1.0
Spring Valley Acquisition Corp,Group_Nuclear_Publications,,,2.0,2.0
Springfields Fuels Limited,Group_Nuclear_Publications,,2.0,,2.0
Standard Power,Group_Nuclear_Publications,,4.0,1.0,5.0
Starfire Energy,Group_Nuclear_Publications,,1.0,,1.0
Statnett,Group_Nuclear_Publications,,1.0,,1.0
Steady Energy,Group_Nuclear_Publications,3.0,9.0,3.0,15.0
Steady Energy,Group_Reddit,,1.0,,1.0
Stellarex,Group_Nuclear_Publications,,4.0,,4.0
Stellaria,Group_Nuclear_Publications,,6.0,,6.0
Strana Rosatom,Group_Nuclear_Publications,,1.0,,1.0
Strategic Innovation Fund,Group_Nuclear_Publications,,1.0,,1.0
Stratek Global,Group_Nuclear_Publications,,1.0,,1.0
Structural Integrity Associates,Group_Nuclear_Publications,,1.0,,1.0
Studsvik,Group_Nuclear_Publications,1.0,1.0,,2.0
Sumitomo Corporation,Group_Nuclear_Publications,,1.0,,1.0
Sunderland City Council,Group_Nuclear_Publications,,1.0,,1.0
Svenska Kraftnat,Group_Nuclear_Publications,,1.0,,1.0
Sydkraft,Group_Nuclear_Publications,,1.0,,1.0
Synthos,Group_Nuclear_Publications,2.0,4.0,,6.0
Synthos,Group_Reddit,,1.0,,1.0
Synthos Green,Group_Nuclear_Publications,,1.0,,1.0
Synthos Group,Group_Nuclear_Publications,,,1.0,1.0
TC Energy,Group_Nuclear_Publications,,1.0,,1.0
TEPCO,Group_Nuclear_Publications,,1.0,,1.0
TRISO,Group_Nuclear_Publications,,1.0,,1.0
TRIUMF Innovations,Group_Nuclear_Publications,,1.0,,1.0
TSP Engineering,Group_Reddit,,,1.0,1.0
TVA,Group_Nuclear_Publications,,6.0,,6.0
TVA,Group_Reddit,,1.0,,1.0
TVEL,Group_Nuclear_Publications,,4.0,,4.0
TVO,Group_Nuclear_Publications,,3.0,,3.0
TVO Nuclear Services,Group_Nuclear_Publications,4.0,2.0,,6.0
TVONS,Group_Nuclear_Publications,,1.0,,1.0
TWI,Group_Nuclear_Publications,4.0,,,4.0
Tata Consulting Engineers Limited,Group_Nuclear_Publications,,1.0,,1.0
Taylor Woodrow,Group_Nuclear_Publications,,1.0,,1.0
TechnicAtome,Group_Nuclear_Publications,1.0,5.0,,6.0
TechnicAtome,Group_Reddit,1.0,,1.0,2.0
Technical University of Bratislava,Group_Nuclear_Publications,1.0,,,1.0
Technip Energies,Group_Nuclear_Publications,,2.0,,2.0
Tecnatom USA,Group_Nuclear_Publications,,1.0,,1.0
Tecnimont,Group_Nuclear_Publications,2.0,2.0,,4.0
Teledyne Brown Engineering,Group_Nuclear_Publications,,1.0,,1.0
Tenex,Group_Reddit,,,1.0,1.0
Tennessee Authority Valley,Group_Nuclear_Publications,2.0,8.0,1.0,11.0
Teollisuuden Voima Oyj (TVO),Group_Nuclear_Publications,3.0,4.0,,7.0
Terra Praxis,Group_Nuclear_Publications,,1.0,,1.0
TerraPower,Group_Nuclear_Publications,5.0,45.0,2.0,52.0
TerraPower,Group_Reddit,,9.0,2.0,11.0
TerraPraxis,Group_Nuclear_Publications,,1.0,,1.0
Terrafame,Group_Nuclear_Publications,,1.0,,1.0
Terrestrial Energy,Group_Nuclear_Publications,3.0,16.0,1.0,20.0
Terrestrial Energy,Group_Reddit,,1.0,,1.0
Texas A&M,Group_Nuclear_Publications,,1.0,,1.0
Texas A&M University,Group_Nuclear_Publications,,1.0,,1.0
Therizon,Group_Nuclear_Publications,,10.0,,10.0
Therizon,Group_Reddit,,1.0,,1.0
Thermal Engineering International,Group_Nuclear_Publications,,1.0,,1.0
Thomas Thor,Group_Nuclear_Publications,,2.0,,2.0
ThorCon,Group_Nuclear_Publications,,1.0,,1.0
ThorCon,Group_Reddit,,4.0,1.0,5.0
Topsoe,Group_Nuclear_Publications,,6.0,,6.0
Toshiba,Group_Reddit,,1.0,1.0,2.0
Tosto Group,Group_Nuclear_Publications,3.0,,,3.0
Tractebel,Group_Nuclear_Publications,2.0,17.0,,19.0
Tractebel,Group_Reddit,1.0,,1.0,2.0
Tractebel Engineering,Group_Nuclear_Publications,,1.0,,1.0
TransAlta,Group_Nuclear_Publications,,1.0,,1.0
TransAlta Corporation,Group_Nuclear_Publications,,2.0,,2.0
Triso-X,Group_Nuclear_Publications,1.0,4.0,,5.0
Tsinghua University,Group_Nuclear_Publications,,,1.0,1.0
Turner & Townsend,Group_Nuclear_Publications,,1.0,,1.0
U-Battery Developments,Group_Nuclear_Publications,,1.0,,1.0
UAMPS LLC,Group_Nuclear_Publications,,1.0,,1.0
UJV Rez,Group_Nuclear_Publications,,1.0,,1.0
UK,Group_Nuclear_Publications,,2.0,,2.0
UK Atomic Energy Authority,Group_Nuclear_Publications,,1.0,,1.0
UK Atomic Energy Authority (UKAEA),Group_Nuclear_Publications,,1.0,,1.0
UK Atomics,Group_Nuclear_Publications,,2.0,,2.0
UKAEA,Group_Nuclear_Publications,,2.0,,2.0
UKRI,Group_Nuclear_Publications,,1.0,,1.0
ULC-Energy,Group_Nuclear_Publications,2.0,6.0,1.0,9.0
US,Group_Nuclear_Publications,,2.0,,2.0
US Defense Department,Group_Nuclear_Publications,,1.0,,1.0
US Department of Commerce,Group_Nuclear_Publications,,1.0,,1.0
US Department of Energy,Group_Nuclear_Publications,,12.0,1.0,13.0
US EXIM,Group_Nuclear_Publications,,1.0,,1.0
US Exim Bank,Group_Nuclear_Publications,,3.0,,3.0
US Export-Import (Exim) Bank,Group_Nuclear_Publications,,4.0,,4.0
US International Development Finance Corporation,Group_Nuclear_Publications,,2.0,,2.0
US NRC,Group_Nuclear_Publications,,2.0,,2.0
US Nuclear Industry Council,Group_Nuclear_Publications,,,1.0,1.0
US Nuclear Regulatory Commission,Group_Nuclear_Publications,,7.0,,7.0
US Oklo,Group_Nuclear_Publications,1.0,,,1.0
US Reactor Forging Consortium,Group_Nuclear_Publications,,1.0,,1.0
US Steel,Group_Nuclear_Publications,,1.0,,1.0
US Steel Košice,Group_Nuclear_Publications,2.0,2.0,,4.0
US Uranium Energy,Group_Nuclear_Publications,,1.0,,1.0
US-based Global Nuclear Fuel-Americas,Group_Nuclear_Publications,1.0,1.0,,2.0
USA,Group_Nuclear_Publications,,1.0,,1.0
USA Department of State,Group_Nuclear_Publications,,1.0,,1.0
USN,Group_Reddit,,1.0,,1.0
USNC,Group_Nuclear_Publications,5.0,35.0,,40.0
USTDA,Group_Nuclear_Publications,,7.0,,7.0
Uamps,Group_Nuclear_Publications,1.0,3.0,1.0,5.0
Unimot,Group_Nuclear_Publications,,1.0,,1.0
Union Carbide,Group_Reddit,,1.0,,1.0
Uniper,Group_Nuclear_Publications,,1.0,1.0,2.0
United Shipbuilding Corporation,Group_Nuclear_Publications,,1.0,,1.0
United States,Group_Nuclear_Publications,,3.0,,3.0
United States Trade and Development Agency,Group_Nuclear_Publications,,2.0,,2.0
United constructions,Group_Reddit,,1.0,,1.0
University of Bristol,Group_Nuclear_Publications,,1.0,,1.0
University of Manchester,Group_Nuclear_Publications,,1.0,,1.0
University of Strathclyde,Group_Nuclear_Publications,,1.0,,1.0
Uranium Energy Corp,Group_Nuclear_Publications,,1.0,,1.0
Urenco,Group_Nuclear_Publications,,23.0,1.0,24.0
Urenco Limited,Group_Nuclear_Publications,,1.0,,1.0
Urenco UK,Group_Nuclear_Publications,1.0,2.0,,3.0
Urenco USA,Group_Nuclear_Publications,1.0,1.0,,2.0
Utah Associated Municipal Power Systems (Uamps),Group_Nuclear_Publications,,8.0,,8.0
VTT,Group_Nuclear_Publications,,4.0,1.0,5.0
VTT Technical Research Centre of Finland,Group_Nuclear_Publications,1.0,1.0,,2.0
VUJE,Group_Nuclear_Publications,1.0,5.0,,6.0
Vattenfall,Group_Nuclear_Publications,4.0,20.0,3.0,27.0
Viaro Energy,Group_Nuclear_Publications,1.0,,,1.0
Vietnam Atomic Energy Institute (VinAtom),Group_Nuclear_Publications,,1.0,,1.0
Vistra,Group_Reddit,,1.0,,1.0
Vital Energi,Group_Nuclear_Publications,,1.0,,1.0
Vogtle,Group_Nuclear_Publications,,1.0,,1.0
Vogtle,Group_Reddit,,,1.0,1.0
WANO,Group_Nuclear_Publications,,1.0,,1.0
WEC,Group_Reddit,,,1.0,1.0
WESEE,Group_Nuclear_Publications,,1.0,,1.0
WSP,Group_Nuclear_Publications,,2.0,,2.0
Wall St,Group_Reddit,,1.0,,1.0
Waste Control Specialists,Group_Nuclear_Publications,,1.0,,1.0
Welsh Government,Group_Nuclear_Publications,,1.0,,1.0
Western Gateway,Group_Nuclear_Publications,,1.0,,1.0
Westinghouse,Group_Nuclear_Publications,22.0,147.0,9.0,178.0
Westinghouse,Group_Reddit,,19.0,6.0,25.0
Westinghouse (BWRX 300),Group_Reddit,,1.0,,1.0
"Westinghouse (parent company of Westinghouse Electric Company, which developed the AP-1000)",Group_Reddit,,1.0,,1.0
Westinghouse Electric,Group_Nuclear_Publications,1.0,12.0,,13.0
Westinghouse Nuclear,Group_Nuclear_Publications,,1.0,,1.0
Westinghouse Springfields,Group_Nuclear_Publications,,2.0,,2.0
Wolverine,Group_Nuclear_Publications,,1.0,,1.0
Wolverine Power Cooperative,Group_Nuclear_Publications,,2.0,,2.0
Womble Bond Dickson,Group_Nuclear_Publications,,1.0,,1.0
Women in Nuclear UK,Group_Nuclear_Publications,,1.0,,1.0
Wood,Group_Nuclear_Publications,,1.0,,1.0
Wood Mackenzie,Group_Nuclear_Publications,,2.0,,2.0
Wooyang Merchant Marine,Group_Nuclear_Publications,,,1.0,1.0
World Association of Nuclear Operators (WANO),Group_Nuclear_Publications,,1.0,,1.0
World Nuclear Association,Group_Nuclear_Publications,,2.0,1.0,3.0
X-Energy,Group_Nuclear_Publications,21.0,77.0,5.0,103.0
X-Energy,Group_Reddit,,9.0,1.0,10.0
X-Energy Canada,Group_Nuclear_Publications,1.0,3.0,,4.0
X-energy (Xe-100),Group_Reddit,,1.0,,1.0
X-energy Canada,Group_Nuclear_Publications,,1.0,,1.0
X-energy UK Holdings,Group_Nuclear_Publications,,2.0,,2.0
"X-energy, LLC",Group_Nuclear_Publications,,1.0,,1.0
Yellowcake,Group_Nuclear_Publications,,1.0,,1.0
Yes VC,Group_Nuclear_Publications,,1.0,,1.0
YouGov,Group_Nuclear_Publications,,,1.0,1.0
ZEPAK,Group_Nuclear_Publications,,2.0,,2.0
ZKS Ferrum,Group_Nuclear_Publications,,1.0,,1.0
Ze Pak,Group_Nuclear_Publications,1.0,6.0,1.0,8.0
ZiO-Podolsk JSC,Group_Nuclear_Publications,,1.0,,1.0
e-Vinci,Group_Nuclear_Publications,,1.0,,1.0
eVinci Technologies,Group_Nuclear_Publications,,1.0,,1.0
newcleo,Group_Nuclear_Publications,23.0,15.0,1.0,39.0
newcleo,Group_Reddit,,2.0,,2.0
nucleareurope,Group_Nuclear_Publications,,6.0,1.0,7.0
the Nuclear Advanced Manufacturing Research Centre,Group_Nuclear_Publications,2.0,,,2.0
Électricité de France (EDF),Group_Nuclear_Publications,,2.0,,2.0
Ørsted,Group_Reddit,,1.0,,1.0
Østfold Energi,Group_Nuclear_Publications,2.0,3.0,,5.0
ČEZ Group,Group_Nuclear_Publications,,2.0,,2.0
Škoda,Group_Nuclear_Publications,,1.0,,1.0
Škoda JS,Group_Nuclear_Publications,,1.0,,1.0
Škoda Praha,Group_Nuclear_Publications,,2.0,1.0,3.0
