company,Publication Group,SUPPORT,CONTRADICT,NEI,Total Claims,Percentage of Supported Claims,Percentage of Contradicted Claims,Percentage of NEI Claims,Percentage of Verifiability
NuScale,Group_Nuclear_Publications,35.0,15.0,183.0,233.0,15.021459227467812,6.437768240343347,78.54077253218884,8.583690987124465
Westinghouse,Group_Nuclear_Publications,22.0,9.0,147.0,178.0,12.359550561797752,5.056179775280898,82.58426966292134,7.303370786516854
Rolls-Royce SMR,Group_Nuclear_Publications,36.0,14.0,121.0,171.0,21.052631578947366,8.187134502923977,70.76023391812866,12.86549707602339
EDF,Group_Nuclear_Publications,15.0,4.0,113.0,132.0,11.363636363636363,3.0303030303030303,85.60606060606061,8.333333333333332
GE-Hitachi,Group_Nuclear_Publications,25.0,10.0,86.0,121.0,20.66115702479339,8.264462809917356,71.07438016528926,12.396694214876034
X-Energy,Group_Nuclear_Publications,21.0,5.0,77.0,103.0,20.388349514563107,4.854368932038835,74.75728155339806,15.533980582524272
Holtec,Group_Nuclear_Publications,6.0,4.0,85.0,95.0,6.315789473684211,4.2105263157894735,89.47368421052632,2.105263157894737
Ontario Power Generation,Group_Nuclear_Publications,20.0,4.0,65.0,89.0,22.47191011235955,4.49438202247191,73.03370786516854,17.977528089887638
Rosatom,Group_Nuclear_Publications,4.0,3.0,82.0,89.0,4.49438202247191,3.3707865168539324,92.13483146067416,1.123595505617978
GE-Hitachi Nuclear Energy,Group_Nuclear_Publications,22.0,5.0,43.0,70.0,31.428571428571427,7.142857142857142,61.42857142857143,24.285714285714285
TerraPower,Group_Nuclear_Publications,5.0,2.0,45.0,52.0,9.615384615384617,3.8461538461538463,86.53846153846155,5.76923076923077
Orlen Sythnos Green Energy,Group_Nuclear_Publications,11.0,2.0,27.0,40.0,27.500000000000004,5.0,67.5,22.500000000000004
USNC,Group_Nuclear_Publications,5.0,0.0,35.0,40.0,12.5,0.0,87.5,12.5
newcleo,Group_Nuclear_Publications,23.0,1.0,15.0,39.0,58.97435897435898,2.564102564102564,38.46153846153847,56.410256410256416
Great British Nuclear,Group_Nuclear_Publications,6.0,2.0,27.0,35.0,17.142857142857142,5.714285714285714,77.14285714285715,11.428571428571427
Nuclearelectrica,Group_Nuclear_Publications,3.0,1.0,28.0,32.0,9.375,3.125,87.5,6.25
Doosan Enerbility,Group_Nuclear_Publications,3.0,2.0,26.0,31.0,9.67741935483871,6.451612903225806,83.87096774193549,3.225806451612904
ARC,Group_Nuclear_Publications,5.0,1.0,24.0,30.0,16.666666666666664,3.3333333333333335,80.0,13.33333333333333
Dow,Group_Nuclear_Publications,10.0,1.0,19.0,30.0,33.33333333333333,3.3333333333333335,63.33333333333333,29.999999999999996
Korea Hydro & Nuclear Power,Group_Nuclear_Publications,6.0,1.0,21.0,28.0,21.428571428571427,3.571428571428571,75.0,17.857142857142854
Energoatom,Group_Nuclear_Publications,2.0,0.0,25.0,27.0,7.4074074074074066,0.0,92.5925925925926,7.4074074074074066
Vattenfall,Group_Nuclear_Publications,4.0,3.0,20.0,27.0,14.814814814814813,11.11111111111111,74.07407407407408,3.7037037037037024
Fermi Energia,Group_Nuclear_Publications,7.0,2.0,18.0,27.0,25.925925925925924,7.4074074074074066,66.66666666666666,18.51851851851852
Norsk Kjernekraft,Group_Nuclear_Publications,3.0,1.0,23.0,27.0,11.11111111111111,3.7037037037037033,85.18518518518519,7.407407407407407
Fortum,Group_Nuclear_Publications,10.0,1.0,15.0,26.0,38.46153846153847,3.8461538461538463,57.692307692307686,34.61538461538462
Framatome,Group_Nuclear_Publications,1.0,3.0,20.0,24.0,4.166666666666666,12.5,83.33333333333334,-8.333333333333334
Urenco,Group_Nuclear_Publications,0.0,1.0,23.0,24.0,0.0,4.166666666666666,95.83333333333334,-4.166666666666666
Orano,Group_Nuclear_Publications,2.0,0.0,22.0,24.0,8.333333333333332,0.0,91.66666666666666,8.333333333333332
Moltex,Group_Nuclear_Publications,2.0,3.0,18.0,23.0,8.695652173913043,13.043478260869565,78.26086956521739,-4.3478260869565215
Korea hydro and Nuclear Power (KHNP),Group_Nuclear_Publications,2.0,2.0,19.0,23.0,8.695652173913043,8.695652173913043,82.6086956521739,0.0
Holtec Britain,Group_Nuclear_Publications,5.0,1.0,16.0,22.0,22.727272727272727,4.545454545454546,72.72727272727273,18.18181818181818
Enec,Group_Nuclear_Publications,3.0,0.0,18.0,21.0,14.285714285714285,0.0,85.71428571428571,14.285714285714285
CEZ,Group_Nuclear_Publications,3.0,2.0,16.0,21.0,14.285714285714285,9.523809523809524,76.19047619047619,4.761904761904761
China National Nuclear Corporation (CNNC),Group_Nuclear_Publications,1.0,2.0,18.0,21.0,4.761904761904762,9.523809523809524,85.71428571428571,-4.761904761904762
SaskPower,Group_Nuclear_Publications,5.0,2.0,13.0,20.0,25.0,10.0,65.0,15.0
Terrestrial Energy,Group_Nuclear_Publications,3.0,1.0,16.0,20.0,15.0,5.0,80.0,10.0
Bechtel,Group_Nuclear_Publications,2.0,2.0,16.0,20.0,10.0,10.0,80.0,0.0
Tractebel,Group_Nuclear_Publications,2.0,0.0,17.0,19.0,10.526315789473683,0.0,89.47368421052632,10.526315789473683
PKN Orlen,Group_Nuclear_Publications,9.0,1.0,8.0,18.0,50.0,5.555555555555555,44.44444444444444,44.44444444444444
Hitachi,Group_Nuclear_Publications,5.0,3.0,9.0,17.0,29.411764705882355,17.647058823529413,52.94117647058824,11.764705882352942
KGHM Polska Miedz,Group_Nuclear_Publications,4.0,0.0,12.0,16.0,25.0,0.0,75.0,25.0
SNC-Lavalin,Group_Nuclear_Publications,1.0,0.0,15.0,16.0,6.25,0.0,93.75,6.25
Ansaldo Nucleare,Group_Nuclear_Publications,1.0,0.0,15.0,16.0,6.25,0.0,93.75,6.25
Last Energy,Group_Nuclear_Publications,0.0,0.0,15.0,15.0,0.0,0.0,100.0,0.0
Steady Energy,Group_Nuclear_Publications,3.0,3.0,9.0,15.0,20.0,20.0,60.0,0.0
Cameco,Group_Nuclear_Publications,0.0,0.0,14.0,14.0,0.0,0.0,100.0,0.0
China National Nuclear Corporation,Group_Nuclear_Publications,1.0,0.0,13.0,14.0,7.142857142857142,0.0,92.85714285714286,7.142857142857142
US Department of Energy,Group_Nuclear_Publications,0.0,1.0,12.0,13.0,0.0,7.6923076923076925,92.3076923076923,-7.6923076923076925
Nuward,Group_Nuclear_Publications,2.0,0.0,11.0,13.0,15.384615384615385,0.0,84.61538461538461,15.384615384615385
Jacobs,Group_Nuclear_Publications,6.0,0.0,7.0,13.0,46.15384615384615,0.0,53.84615384615385,46.15384615384615
Cavendish Nuclear,Group_Nuclear_Publications,1.0,1.0,11.0,13.0,7.6923076923076925,7.6923076923076925,84.61538461538461,0.0
Kepco,Group_Nuclear_Publications,2.0,1.0,10.0,13.0,15.384615384615385,7.6923076923076925,76.92307692307693,7.6923076923076925
Westinghouse Electric,Group_Nuclear_Publications,1.0,0.0,12.0,13.0,7.6923076923076925,0.0,92.3076923076923,7.6923076923076925
Bruce Power,Group_Nuclear_Publications,2.0,0.0,11.0,13.0,15.384615384615385,0.0,84.61538461538461,15.384615384615385
National Nuclear Laboratory,Group_Nuclear_Publications,8.0,0.0,4.0,12.0,66.66666666666666,0.0,33.33333333333333,66.66666666666666
Aecon,Group_Nuclear_Publications,3.0,0.0,9.0,12.0,25.0,0.0,75.0,25.0
Nova Power & Gas,Group_Nuclear_Publications,1.0,0.0,11.0,12.0,8.333333333333332,0.0,91.66666666666666,8.333333333333332
Energy Northwest,Group_Nuclear_Publications,1.0,2.0,9.0,12.0,8.333333333333332,16.666666666666664,75.0,-8.333333333333332
Kärnfull Next,Group_Nuclear_Publications,1.0,0.0,11.0,12.0,8.333333333333332,0.0,91.66666666666666,8.333333333333332
Seaborg,Group_Nuclear_Publications,1.0,0.0,10.0,11.0,9.090909090909092,0.0,90.9090909090909,9.090909090909092
Lightbridge,Group_Nuclear_Publications,0.0,3.0,8.0,11.0,0.0,27.27272727272727,72.72727272727273,-27.27272727272727
Slovenske Elektrarne,Group_Nuclear_Publications,3.0,0.0,8.0,11.0,27.27272727272727,0.0,72.72727272727273,27.27272727272727
ENEA,Group_Nuclear_Publications,2.0,0.0,9.0,11.0,18.181818181818183,0.0,81.81818181818183,18.181818181818183
Tennessee Authority Valley,Group_Nuclear_Publications,2.0,1.0,8.0,11.0,18.181818181818183,9.090909090909092,72.72727272727273,9.090909090909092
Balfour Beatty,Group_Nuclear_Publications,1.0,1.0,9.0,11.0,9.090909090909092,9.090909090909092,81.81818181818183,0.0
NB Power,Group_Nuclear_Publications,1.0,1.0,9.0,11.0,9.090909090909092,9.090909090909092,81.81818181818183,0.0
Assystem,Group_Nuclear_Publications,5.0,0.0,6.0,11.0,45.45454545454545,0.0,54.54545454545454,45.45454545454545
BWXT,Group_Nuclear_Publications,1.0,1.0,9.0,11.0,9.090909090909092,9.090909090909092,81.81818181818183,0.0
Emirates Nuclear Energy Corporation (Enec),Group_Nuclear_Publications,1.0,1.0,9.0,11.0,9.090909090909092,9.090909090909092,81.81818181818183,0.0
Nuclear Industry Association,Group_Nuclear_Publications,2.0,2.0,7.0,11.0,18.181818181818183,18.181818181818183,63.63636363636363,0.0
NuScale Power Corporation,Group_Nuclear_Publications,1.0,2.0,8.0,11.0,9.090909090909092,18.181818181818183,72.72727272727273,-9.090909090909092
Naarea,Group_Nuclear_Publications,2.0,0.0,8.0,10.0,20.0,0.0,80.0,20.0
KGHM,Group_Nuclear_Publications,1.0,0.0,9.0,10.0,10.0,0.0,90.0,10.0
Fluor Corporation,Group_Nuclear_Publications,1.0,1.0,8.0,10.0,10.0,10.0,80.0,0.0
Lightbridge Corporation,Group_Nuclear_Publications,1.0,0.0,9.0,10.0,10.0,0.0,90.0,10.0
Therizon,Group_Nuclear_Publications,0.0,0.0,10.0,10.0,0.0,0.0,100.0,0.0
Sheffield Forgemasters,Group_Nuclear_Publications,2.0,0.0,8.0,10.0,20.0,0.0,80.0,20.0
Hatch,Group_Nuclear_Publications,1.0,0.0,9.0,10.0,10.0,0.0,90.0,10.0
NuScale,Group_Reddit,0.0,20.0,43.0,63.0,0.0,31.746031746031743,68.25396825396825,-31.746031746031743
Westinghouse,Group_Reddit,0.0,6.0,19.0,25.0,0.0,24.0,76.0,-24.0
Rolls-Royce SMR,Group_Reddit,0.0,9.0,12.0,21.0,0.0,42.857142857142854,57.14285714285714,-42.857142857142854
GE-Hitachi,Group_Reddit,0.0,4.0,16.0,20.0,0.0,20.0,80.0,-20.0
GE,Group_Reddit,0.0,5.0,10.0,15.0,0.0,33.33333333333333,66.66666666666666,-33.33333333333333
TerraPower,Group_Reddit,0.0,2.0,9.0,11.0,0.0,18.181818181818183,81.81818181818183,-18.181818181818183
EDF,Group_Reddit,1.0,2.0,7.0,10.0,10.0,20.0,70.0,-10.0
X-Energy,Group_Reddit,0.0,1.0,9.0,10.0,0.0,10.0,90.0,-10.0
