Company,Merged with,Number of Claims Belonging to that Company Before Merge
Rolls-Royce,Rolls-Royce SMR,130
GE Hitachi,GE-Hitachi,65
GE Hitachi Nuclear Energy,GE-Hitachi Nuclear Energy,59
Westinghouse Electric Company,Westinghouse Electric Company UK,47
Korea Hydro & Nuclear Power (KHNP),Korea Hydro & Nuclear Power,36
Akkuyu Nukleer,Akkuyu Nukleer JSC,28
Ontario Power Generation (OPG),Ontario Power Generation,28
Rolls Royce,Rolls-Royce SMR,26
China National Nuclear Corporation,China National Nuclear Corporation (CNNC),25
Newcleo,newcleo,25
Synthos Green Energy,Orlen Sythnos Green Energy,21
ENEC,Enec,20
Nuscale,NuScale,18
Teollisuuden Voima Oyj,Teollisuuden Voima Oyj (TVO),16
Thorizon,Therizon,13
X-Energy,X-energy,12
Kinectrics,Kinectrics Inc,12
Centrus Energy Corp,Centrus Energy,11
Idaho National Laboratory,Idaho National Laboratory (INL),11
Tennessee Valley Authority,Tennessee Authority Valley,11
Orlen Synthos Green Energy,Orlen Sythnos Green Energy,11
Ultra Safe Nuclear Corporation (USNC),Ultra Safe Nuclear Corporation,10
ZE PAK,Ze Pak,10
Terrapower,TerraPower,10
JSC ASE,ASE JSC,10
Emirates Nuclear Energy Corporation (ENEC),Emirates Nuclear Energy Corporation (Enec),10
Kepco E&C,KEPCO E&C,9
Mitsubishi Heavy Industries,Mitsubishi Heavy Industries (MHI),9
TRISO-X,Triso-X,9
Core Power,CORE POWER,9
Canadian Nuclear Laboratories (CNL),Canadian Nuclear Laboratories,9
NASA,Nasa,8
X-Energy Reactor Company,X-energy Reactor Company,8
National Nuclear Laboratory (NNL),National Nuclear Laboratory,8
Slovenské Elektrárne,Slovenske Elektrarne,8
ARC Clean Technology Canada,ARC Clean Technology,8
US Department of Energy (DOE),US Department of Energy,8
GE Hitachi Nuclear Energy (GEH),GE-Hitachi Nuclear Energy,8
SCK-CEN,SCK CEN,7
KGHM Polska Miedź,KGHM Polska Miedz,7
Slovenské elektrárne,Slovenske Elektrarne,7
Sellafield,Sellafield Ltd,7
Nuclear Power Corporation of India Limited (NPCIL),Nuclear Power Corporation of India Ltd,7
Nikiet,NIKIET,7
Nuclear Power Corporation of India Ltd (NPCIL),Nuclear Power Corporation of India Ltd,7
NUKEM Technologies,SHINE Technologies,7
Rolls Royce SMR,Rolls-Royce SMR,6
China General Nuclear,China General Nuclear (CGN),6
Southern Co,Southern Company,6
ThorCon,Thorcon,6
Nuclear Decommissioning Authority,Nuclear Decommissioning Authority (NDA),6
Westinghouse Electric Sweden,Westinghouse Electric,6
OKBM Afrikantov,OKBM Africantov,6
BWX Technologies (BWXT),BWX Technologies,6
Japan Atomic Energy Agency,Japan Atomic Energy Agency (JAEA),6
China Huaneng,China Huaneng Group,6
US Nuclear Regulatory Commission (NRC),US Nuclear Regulatory Commission,6
BWXT Canada,BWXT Canada Ltd,5
NAAREA,Naarea,5
Los Alamos National Laboratory,Los Alamos National Labs,5
Kansai Electric Power Company,Kansai Electric Power Co,5
Tokyo Electric Power Company Holdings,Tokyo Electric Power Holdings (Tepco),5
American Centrifuge Operating,American Centrifuge Operating (ACO),5
Tokyo Electric Power Company Holdings (Tepco),Tokyo Electric Power Holdings (Tepco),5
Mitsubishi Heavy Industries Ltd,Mitsubishi Heavy Industries (MHI),5
Ansaldo Nuclear,Ansaldo Nucleare,5
Hyundai,HD Hyundai,5
Office for Nuclear Regulation (ONR),Office for Nuclear Regulation,4
Škoda JS,ŠKODA JS,4
Électricité de France,Électricité de France (EDF),4
Sellafield Ltd.,Sellafield Ltd,4
Municipal Electric Authority of Georgia,Municipal Electric Authority of Georgia (MEAG),4
Shanghai Nuclear Engineering Research & Design Institute (SNERDI),Shanghai Nuclear Engineering Research and Design Institute,4
TEPCO,Tepco,4
TRIGA International,Triga International,4
Electricite de France (EDF),Electricité de France,4
Andra,ANDRA,4
Akkuyu Nuclear JSC,Akkuyu Nukleer JSC,4
BAM Nuttall,Bam Nuttall,4
Tvel,TVEL,4
Atomic Energy of Canada Limited (AECL),Atomic Energy of Canada Limited,4
Utah Associated Municipal Power Systems,Utah Associated Municipal Power Systems (Uamps),4
Atomstroyexport JSC,Atomstroyexport,4
United Kingdom Atomic Energy Authority (UKAEA),UK Atomic Energy Authority (UKAEA),4
Atomic Energy of Canada Ltd.,Atomic Energy of Canada Limited,4
Nucleareurope,nucleareurope,4
Enea,ENEA,4
Babcock International,Babcock International group,4
Polskie Elektrownie Jądrowe,Polskie Elektrownie Jadrowe (PEJ),3
Nuclear Waste Services (NWS),Nuclear Waste Services,3
Polskie Elektrownie Jadrowe,Polskie Elektrownie Jadrowe (PEJ),3
Orlen Synthos Green Energy (OSGE),Orlen Sythnos Green Energy,3
Polskie Elektrownie Jądrowe (PEJ),Polskie Elektrownie Jadrowe (PEJ),3
UAMPS,Uamps,3
JSC Nikiet,NIKIET JSC,3
KGHM Polska Miedź SA,KGHM Polska Miedz,3
International Atomic Energy Agency (IAEA),International Atomic Energy Agency,3
European Investment Bank,European Investment Bank (EIB),3
Canadian Nuclear Safety Commission,Canadian Nuclear Safety Commission (CNSC),3
China National Nuclear Corporation's (CNNC),China National Nuclear Corporation (CNNC),3
Rosatom’s Fuel Company TVEL,Rosatom's fuel company TVEL,3
Nucleoeléctrica Argentina SA (NA-SA),Nucleoelectrica Argentina,3
JSC AEM-Technologies,AEM-Technologies,3
Teollisuuden Voima (TVO),Teollisuuden Voima Oyj (TVO),3
Westinghouse Electric Sweden AB,Westinghouse Electric,3
Trest RosSEM,Trest RosSEM LLC,3
Siemens AG,Siemens,3
Lockheed Martin,Lockheed Martin Space,3
Tokyo Electric Power Company,Tokyo Electric Power Company (Tepco),3
Oglethorpe Power,Oglethorpe Power Corp,3
Pacific Gas & Electric Company (PG&E),Pacific Gas and Electric Company (PG&E),3
Electricité de France (EDF),Electricité de France,3
Samsung Heavy Industries (SHI),Samsung Heavy Industries,3
Slovenské Elektrárne (SE),Slovenske Elektrarne,3
Atomenergoremont,Atomenergoremont JSC,3
China National Nuclear Power (CNNP),China National Nuclear Power,3
ENGIE Electrabel,Engie-Electrabel,3
Kyoto Fusioneering (KF),Kyoto Fusioneering,3
European Bank for Reconstruction and Development (EBRD),European Bank for Reconstruction and Development,3
Utah Associated Municipal Power Systems (UAMPS),Utah Associated Municipal Power Systems (Uamps),3
Mitsubishi Heavy Industries Ltd (MHI),Mitsubishi Heavy Industries (MHI),3
GEN Energija,GEN energija,3
Societatea Nationala Nuclearelectrica (SNN),Societatea Națională Nuclearelectrica,3
New Brunswick Power (NB Power),New Brunswick Power,2
KEPCO,Kepco,2
Invest Alberta,Alberta Innovates,2
Environment Agency (EA),Environment Agency,2
China General Nuclear Power Group,China Nuclear Power Engineering Group,2
China National Nuclear Corp,China National Nuclear Corp (SNNS),2
Hyundai Engineering & Construction (Hyundai E&C),Hyundai Engineering & Construction,2
Balfour Beatty Group,Balfour Beatty,2
China Nuclear Industry Fifth Construction Company (CNI5),China Nuclear Industry 22 Construction Company,2
Rusatom – Automated Control Systems JSC,Rusatom Automated Control Systems (RASU),2
Mott Macdonald,Mott MacDonald,2
Nano Nuclear Energy,"NANO Nuclear Energy, INC.",2
Nuclear Regulatory Commission (NRC),US Nuclear Regulatory Commission,2
IC Ictas,IC Içtas,2
IC İçtaş,IC Içtas,2
Nuclear Power Corporation of India Ltd.,Nuclear Power Corporation of India Ltd,2
The Electric Power Research Institute,Electric Power Research Institute,2
NNB Generation Company (SZC) Ltd,NNB Generation Company HPC Ltd,2
Google,Google-X,2
AEM-technology,AEM-Technologies,2
Hyundai Engineering and Construction,Hyundai Engineering & Construction,2
Korea Hydro & Nuclear Power Co,Korea Hydro & Nuclear Power,2
French companies,French company,2
ENTRA1,Entra1,2
Brookfield Renewable,Brookfield Renewable Partners,2
RASU JSC,RAOS JSC,2
NNB Generation Company,NNB Generation Company HPC Ltd,2
China Nuclear Power Research and Design Institute,Nuclear Power Research & Design Institute of China,2
Shikoku Electric Power Co,Tohoku Electric Power Co,2
Veolia Nuclear Solutions,Veolia Nuclear Solutions (VNS),2
Duke Energy Corp,Duke Energy,2
Constellation Energy Corp,Constellation Energy,2
Ultra Safe Nuclear Corporation UK,Ultra Safe Nuclear Corporation,2
University of Leicester,University of Manchester,2
Energy Fuels,ULC-Energy,2
Hungarian Atomic Energy Authority (HAEA),Hungarian Atomic Energy Authority,2
Akkuyu Nükleer,Akkuyu Nukleer JSC,2
Energospetsmontazh JSC,Energospetzmontazh,2
US Nuclear Energy Institute,Nuclear Energy Institute,2
Great British Nuclear (GBN),Great British Nuclear,2
ORLEN Synthos Green Energy (OSGE),Orlen Sythnos Green Energy,2
Triniti,TRINITI,2
US PacifiCorp,PacifiCorp,2
GS Engineering & Construction,Kepco Engineering & Construction,2
ZiO-Podolsk JSC,ZiO-Podolsk,2
TSS Group,SUAS Group,2
NA Dollezhal Scientific Research & Design Institute of Power Engineering (JSC Nikiet),NA Dollezhal Scientific Research & Design Institute of Power Engineering (Nikiet),2
NRG PALLAS,NRG I PALLAS,2
JSC Atomenergoremont,Atomenergoremont JSC,2
Polskie Elektrownie Jądrowy,Polskie Elektrownie Jadrowe (PEJ),2
HD Korea Shipbuilding & Offshore Engineering (KSOE),HD Korea Shipbuilding & Marine Engineering,2
American Bureau of Shipping,American Bureau of Shipping (ABS),2
Fusion for Energy (F4E),Fusion for Energy,2
Hyundai Engineering & Construction (HEC),Hyundai Engineering & Construction,2
JSC TsPTI,JSC TSPT,2
NRG|Pallas,NRG I PALLAS,2
Nucleoeléctrica Argentina,Nucleoelectrica Argentina,2
Oglethorpe Power Corporation,Oglethorpe Power Corp,2
Tokyo Electric Power Company (TEPCO),Tokyo Electric Power Company (Tepco),2
Global Laser Enrichment (GLE),Global Laser Enrichment,2
Silex Systems Ltd,Silex Systems,2
EnergoNuclear,Eletronuclear,2
DeepGEO,DeepGeo,2
Australian Nuclear Science & Technology Organisation (ANSTO),Australia’s Nuclear Science & Technology Organisation (ANSTO),2
GSPI,GSPI: ,2
Springfields Fuels Ltd,Springfields Fuels Limited,2
Exim Bank,US Exim Bank,2
Mitsubishi Corporation,Mitsubishi Electric Corporation,2
Terrestrial Energy USA,Terrestrial Energy,2
SN Nuclearelectrica,Nuclearelectrica,2
Department of Energy (DOE),US Department of Energy,2
British Nuclear Fuels Ltd (BNFL),British Nuclear Fuels Limited,2
Svensk Kärnbränslehantering AB (SKB),Svensk Kärnbränslehantering (SKB),2
State Scientific & Technical Centre for Nuclear & Radiation Safety,State Scientific & Technical Centre for Nuclear & Radiation Safety (SSTCNRS),2
NIIEFA,NIIEF,2
NUWARD,Nuward,2
First Light Fusion (FLF),First Light Fusion,2
Nuclear Restoration Services,Magnox / Nuclear Restoration Services,2
Nuclear Transport Solutions (NTS),Nuclear Transport Solutions,2
National Atomic Energy Commission (CNEA),Ghana Atomic Energy Commission,2
Korea Hydro and Nuclear Power,Korea Hydro & Nuclear Power,2
NSG Environmental,WSP Environmental,2
IVO,Ivo,2
State Power Investment Corporation (SPIC),State Power Investment Corporation,2
Transmutex,Transmutex SA,2
OKB Gidropress,Gidropress,2
Westinghouse Electric Company UK Limited,Westinghouse Electric Company UK,2
JSC Energospetzmontazh,Energospetzmontazh,2
Ultra Safe Nuclear Corporation (UNSC),Ultra Safe Nuclear Corporation,2
Westinghouse Government Services,Westinghouse Operating Plant Services,2
Ansaldo Energia Group,Ansaldo Energia,2
Slovenské elektrárne (SE),Slovenske Elektrarne,2
Nucleoeléctrica Argentina SA,Nucleoelectrica Argentina,2
Research Institute for Atomic Reactors,Korea Atomic Energy Research Institute,2
Energospetsmontazh,Energospetzmontazh,2
Electric Power Research Institute (EPRI),Electric Power Research Institute,2
Endesa,Enresa,2
TITAN-2,Titan-2,2
Kuopion Energia,Kuopio Energy,2
Rostechnadzor,Rostekhnadzor,2
World Nuclear Association (WNA),World Nuclear Association,2
State Power Investment Corp (SPIC),State Power Investment Corporation,2
JSC Energospetsmontazh,Energospetzmontazh,2
JSC OKBM Afrikantov,OKBM Africantov,2
CNNC Hainan Nuclear Power Company,Hainan Nuclear Power Company,2
CERES Power,CORE POWER,2
Lightbridge Fuel,Lightbridge,2
RATEN,Raten,2
Shanghai Nuclear Engineering Research & Design Institute,Shanghai Nuclear Engineering Research and Design Institute,2
Naarea SA,Areva SA,2
Orano DS,Orano Med,2
US Export-Import Bank,US Export-Import (Exim) Bank,2
TSP Engineering,Walsh Engineering,1
EIB (European Investment Bank),European Investment Bank (EIB),1
Westinghouse UK,Westinghouse,1
Orlen Sythnos Green Energy (OSGE),Orlen Sythnos Green Energy,1
Joint Research Centre (JRC),Joint Research Centre,1
Orano Federal Services,Fluor Federal Services,1
NA Dollezhal Scientific Research and Design Institute of Power Engineering,NA Dollezhal Scientific Research & Design Institute of Power Engineering (Nikiet),1
NNB Generation Company (SZC) Ltd.,NNB Generation Company HPC Ltd,1
NNB Generation Company (SZC) Limited,NNB Generation Company (Sizewell C) Limited,1
Korea Electric Power Corp.,Korea Electric Power,1
Spring Valley Acquisition Corp.,Spring Valley Acquisition Corp,1
GE/Hitachi,GE-Hitachi,1
Hyundai Engineering and Construction Co.,Hyundai Engineering & Construction,1
NUScale,NuScale,1
Technicatom,TechnicAtome,1
Tyazhmash,JSC Tyazhmash,1
Engineering Division of Rosatom,Rosatom Engineering Division,1
Steve Vick International,Steve Vick International (SVI),1
UK Magnox Ltd,Magnox Ltd,1
JSC Rusatom Service,Rusatom Service,1
Korea Hydro and Nuclear power,Korea Hydro & Nuclear Power,1
Kind Atom,Kind Atom Oy,1
Pacific Gas and Electric Company,Pacific Gas and Electric Company (PG&E),1
EthosEnergy MMH,EthosEnergy,1
Doosan-E,Doosan,1
Kepco-KPS,Kepco KPS,1
Korea hydro and Nuclear Power (KHNP),Korea Hydro & Nuclear Power,1
US NuScale,NuScale,1
BWXT Canada Ltd.,BWXT Canada Ltd,1
Nuclear Advanced Manufacturing Research Centre,Nuclear Advanced Manufacturing Research Centre (NAMRC),1
BWXT Medical,BWXT Medical Ltd.,1
Nuclear Fuel Services,Nuclear Fuel Services (NFS),1
Tokyo Electric Power Co,Tokyo Electric Power Company (Tepco),1
Techint Engineering & Construction,Kepco Engineering & Construction,1
ZIO-Podolsk,ZiO-Podolsk,1
Northwest Energy,Energy Northwest,1
Kazatomprom JSC,NAC Kazatomprom JSC,1
Liaoning Nuclear Power Company Ltd,Hainan Nuclear Power Company,1
General Atomics (GA),General Atomics,1
Korea Hydro & Nuclear Power Corporation,Korea Hydro & Nuclear Power,1
GE-Hitachi Nuclear Energy International LLC,GE-Hitachi Nuclear Energy International,1
European Bank for Reconstruction & Development (EBRD),European Bank for Reconstruction and Development,1
Lloyd’s Register,Lloyd Resister,1
Bharatiya Nabhikiya Vidyut Nigam Ltd (BHAVINI),BHARATIYA NAHBIKIYA VIDYUT NIGAM LIMITED,1
Hokuriku Electric,Hokuriku Electric Power,1
TENEX,Tenex,1
Nuclear Energy Agency (NEA),OECD-Nuclear Energy Agency,1
HATCH,Hatch,1
Cenovus Energy,Centrus Energy,1
Nuclear Power Ghana (NPG),Nuclear Power Ghana,1
Canadian Nuclear Association (CAN),Canadian Nuclear Association,1
Nuclear Energy Institute (NEI),Nuclear Energy Institute,1
Edvance,Edvance UK,1
Tokyo Electric Power (TEPCO),Tokyo Electric Power Company (Tepco),1
GE-Hitachi Nuclear Energy International ,GE-Hitachi Nuclear Energy International,1
Central Design & Technological Institute,Central Design & Technological Institute (JSC CPTI),1
Australian Nuclear Science & Technology Organisation,Australia’s Nuclear Science & Technology Organisation (ANSTO),1
Jordan Atomic Energy Commission (JAEC),Ghana Atomic Energy Commission,1
SOGIN,Sogin,1
RATEN ICN,RATEN-ICN,1
Rosatom's Fuel Company TVEL,Rosatom's fuel company TVEL,1
SRS. Servizi Ricerche e Sviluppo,SRS Servizi Ricerche e Sviluppo,1
France’s Atomic Energy Commission (CEA),Ghana Atomic Energy Commission,1
Gesellschaft für Nuklear-Service (GNS),GNS Gesellschaft für Nuklear-Service mbH,1
US Tennessee Authority Valley (TVA),Tennessee Authority Valley,1
China National Nuclear Power Co,China National Nuclear Power,1
Electricite De France (EDF),Electricité de France,1
Kansai Electric Power,Kansai Electric Power Co,1
Atomic Energy of Canada Ltd,Atomic Energy of Canada Limited,1
DOE Office of Nuclear Energy,Office of Nuclear Energy,1
National Atomic Energy Authority,Hungarian Atomic Energy Authority,1
Tokyo Electric Power Co. Holdings (Tepco),Tokyo Electric Power Holdings (Tepco),1
Iter Organisation,ITER Organisation,1
Thermal Engineering International (USA),Thermal Engineering International (USA) Inc.,1
Egypt Atomic Energy Authority,UK Atomic Energy Authority,1
Svensk Kärnbränslehantering,Svensk Kärnbränslehantering (SKB),1
Community Nuclear Power (CNP),Community Nuclear Power,1
MARVEL,Marvel,1
Sargeant & Lundy,Sargent & Lundy,1
BDC Capital,C5 Capital,1
JSC Atomstroyexport,Atomstroyexport,1
Mirion Technologies,Onet Technologies,1
Rosatom’s,Rosatom,1
Korea Hydro & Nuclear Power’s,Korea Hydro & Nuclear Power,1
China National Nuclear Corporation’s,China National Nuclear Corporation (CNNC),1
Polskie Elektrownie Jądrowy (PEJ),Polskie Elektrownie Jadrowe (PEJ),1
DTE Energy,Duke Energy,1
Research Centre Jülich,Joint Research Centre,1
Thermal Engineering International,Thermal Engineering International (USA) Inc.,1
Ontario Power Generation’s (OPG),Ontario Power Generation,1
US Bechtel,Bechtel,1
Jiangsu Nuclear Power Company,Hainan Nuclear Power Company,1
Argentinian Nuclear Regulatory Authority (ARN),Argentinian Nuclear Regulatory Authority,1
Nucleoelectrica Argentina SA,Nucleoelectrica Argentina,1
JSC RAOS,RAOS JSC,1
Kepco Nuclear Fuel (KNF),Kepco Nuclear Fuel,1
Korea Electric Power Company (KEPCO),Korea Electric Power Company (Kepco),1
Svensk Kärnbränsförhantering (SKB),Svensk Kärnbränslehantering (SKB),1
GE HItachi,GE-Hitachi,1
Itochu Corporation,IHI Corporation,1
China Nuclear Power Engineering,China Nuclear Power Engineering Group,1
Westinghouse EC,Westinghouse,1
Walco Industries Ltd.,Walco Industries Ltd,1
Ontario Power Generations (OPG),Ontario Power Generation,1
Nuclear Restoration Services (NRS),Magnox / Nuclear Restoration Services,1
Nuclear Power & Energy Agency (NuPEA),OECD-Nuclear Energy Agency,1
UK Nuclear Industry Association,Nuclear Industry Association,1
Korea Atomic Industrial Forum,Japan Atomic Industrial Forum,1
NRGIPALLAS,NRG I PALLAS,1
China Nuclear Power Co Ltd,China National Nuclear Power,1
GE Steam Power Ltd,GE Steam Power,1
Moltex Energy USA,Moltex Energy,1
Springfields Fuels Ltd (SFL),Springfields Fuels Limited,1
Westinghouse Electric UK,Westinghouse Electric,1
Rusatom Energy Projects,Rosatom Energy Projects,1
China Nuclear Power Engineering (CNPE),China Nuclear Power Engineering Company Ltd,1
France's Atomic Energy Commission (CEA),Ghana Atomic Energy Commission,1
SN Nuclearelectrica (SNN),SN Nuclearelectricia (SNN),1
Dell Technologies,Onet Technologies,1
US Westinghouse,Westinghouse,1
Bilfinger Engineering & Technologies,Bilfinger Piping Technologies UK,1
Bilfinger UK,Bilfinger,1
Deep Isolation EMEA,Deep Isolation,1
KGHM Polska Miedżed SA,KGHM Polska Miedz,1
Atomic Energy Commission (AEC),Ghana Atomic Energy Commission,1
UK's Nuclear Decommissioning Authority,Nuclear Decommissioning Authority (NDA),1
JSC Atomenergomash,Atomenergomash,1
Peregrine Turbine Technologies,Peregrine Turbine Technologies (PTT),1
Ultra Safe Nuclear Corp.,Ultra Safe Nuclear Corp (USNC),1
GE Hitachi (GEH),GE-Hitachi,1
Lloyd's Register,Lloyd Resister,1
Pacific Nuclear Transport Ltd (PNTL),Pacific Nuclear Transport Ltd.,1
US Exim Bank (EXIM),US Exim Bank,1
Societatea Naționala Nuclearelectrica,Societatea Națională Nuclearelectrica,1
Societatea Naționala Nuclearelectrica (SNN),Societatea Națională Nuclearelectrica,1
Vuje,VUJE,1
"JRC – Joint Research Centre, European Commission",Joint Research Centre-European Commission,1
DB Energy,EDF Energy,1
US NuScale Power,NuScale Power,1
Chinese Nuclear Power Engineering,China Nuclear Power Engineering Group,1
Rosatom Group,Tosto Group,1
UK Nuclear Waste Services (NWS),Nuclear Waste Services,1
China General Nuclear Power Corporation,China General Nuclear Power Corporation (CGN),1
Ondraf/Niras,ONDRAF/NIRAS,1
US Environmental Protection Agency,Scottish Environment Protection Agency,1
Atomflot,Rosatomflot,1
United Shipbuilding Corporation - USC,United Shipbuilding Corporation,1
BWXTechologies,BWX Technologies,1
High-Tech Gründerfonds (HTGF),High-Tech Gründerfonds,1
Tokamak Energy Ltd,Tokamak Energy,1
STP Nuclear Operating Company,Southern Nuclear Operating Company,1
NRG Energy,GS Energy,1
POSCO E&C,Posco E&C,1
Nuclearelectrica SA,Nuclearelectrica,1
PCL Nuclear Management,PCL Nuclear Management Inc,1
Nuclear Industry Association (NIA),Nuclear Industry Association,1
French Alternative Energies & Atomic Energy Commission (CEA),French Alternative Energies and Atomic Energy Commission,1
US Electric Power Research Institute (EPRI),Electric Power Research Institute,1
Steedy Energy,Steady Energy,1
China Nuclear Energy Industry Corporation,China Nuclear Engineering Corporation,1
China National Nuclear Corporation Overseas,China National Nuclear Corporation (CNNC),1
Samsung C&T Corp,Samsung C&T Corporation,1
JSC Rusatom Automated Control Systems,Rusatom Automated Control Systems (RASU),1
Thor Energy,Energy Harbor,1
Uranium Energy Exploration,Energy Exploration,1
NexGen Energy Ltd,NexGen Energy,1
Orano SA,Orano USA,1
Nucor Corporation,Fluor Corporation,1
Department of Atomic Energy,Department of Atomic Energy (DAE),1
Inpex Corporation,IP3 Corporation,1
JIC Venture Growth Investments Co,JIC Venture Growth Investments,1
Mammoth,Mammoet,1
Springfields Fuel,Springfields,1
Japan Electric Power Co,Kansai Electric Power Co,1
Creative Engineers Inc,Creative Engineers Inc (CEI),1
SK ecoplant,SK Ecoplant,1
State Energy Investment Corporation (SPIC),State Power Investment Corporation,1
Fifth China Nuclear Industry Construction Company,China Nuclear Industry 22 Construction Company,1
HD Korea Shipbuilding & Offshore Engineering,HD Korea Shipbuilding & Marine Engineering,1
JSC Rusatom Overseas,Rusatom Overseas,1
Max Planck Institute for Plasma Physics,Max Planck Institute for Plasma Physics (IPP),1
S.N. Nuclearelectrica,Nuclearelectrica,1
Nuclear Power Plants Authority (NPPA),Egypt's Nuclear Power Plants Authority (NPPA),1
Eletrobrás,Eletrobras,1
Ruselectronics,Roselectronics,1
ITM Isotope Technologies Munic SE,ITM Isotope Technologies Munich,1
UK National Nuclear Laboratory (NNL),National Nuclear Laboratory,1
X Energy,X-energy,1
Emirates Nuclear Energy Co (ENEC),Emirates Nuclear Energy Corporation (Enec),1
U.K. Atomic Energy Authority (UKAEA),UK Atomic Energy Authority (UKAEA),1
Emirates Nuclear Energy Corporation,Emirates Nuclear Energy Corporation (Enec),1
"United Engineers & Constructors, Inc.",United Engineers & Constructors,1
National Research & Innovation Agency (BRIN),National Research and Innovation Agency of Indonesia,1
Rolls-Royce SMR Ltd,Rolls-Royce SMR Limited,1
Natural Resources Wales (NRW),Natural Resources Wales,1
Office of Nuclear Regulation (ONR),Office for Nuclear Regulation,1
EdF,EDF,1
Atomenergoproekt,Atomenergoproject,1
JSC Orgenergostroy,Orgenergostroy,1
Rosatom’s Engineering Division,Rosatom Engineering Division,1
AEM-technologies,AEM-Technologies,1
SN Nuclearelectrica SA (SNN),SN Nuclearelectricia (SNN),1
Commission for Atomic Energy & Alternative Energies (CEA),French Alternative Energies and Atomic Energy Commission,1
China Energy Investment Corporation,China Power Investment Corporation,1
Westinghouse Electric Co.,Westinghouse Electric,1
National Nuclear Security Administration (NNSA),National Nuclear Security Administration,1
Nucleoelectrica Argentina SA (NA-SA),Nucleoelectrica Argentina,1
Central Design & Technology Institute (JSC TsPTI),Central Design & Technological Institute (JSC CPTI),1
CNNC Sufan Technology Industry Company,Sufa Technology Industrial Company (STIC),1
Dongfang Electric Company,Dongfang Electric Corporation,1
Harbin Electric Group,Shanghai Electric Group,1
US Georgia Power,Georgia Power,1
Guangxi Fangchenggang Nuclear Power Co.,Guangxi Fangchenggang Nuclear Power Co,1
Australian Nuclear Science and Technology Organisation,Australia’s Nuclear Science & Technology Organisation (ANSTO),1
Nuclear Waste Management Organisation,Nuclear Waste Management Organisation of Japan,1
DOE's Office of Nuclear Energy,Office of Nuclear Energy,1
US Constellation,Constellation,1
Babcock Power,Babcock Power Inc.,1
Atomstroyeksport,Atomstroyexport,1
Dominion Energy Inc,Dominion Energy,1
GE-Hitachi Nuclear,GE-Hitachi Nuclear Energy,1
Pakistan Atomic Energy Commission,Ghana Atomic Energy Commission,1
U.S. Department of Energy,US Department of Energy,1
Dow Chemical,DOW Chemical,1
Fortum Power and Heat Oy,Fortum Power & Heat Oy,1
JSC Mashinostroitelny Zavod,Mashinostroitelny Zavod,1
Nawah Energy Company (Nawah),Nawah Energy Company,1
Orano NPS,Orano NCS,1
US Centrus Energy,Centrus Energy,1
Pacific Northwest National Laboratory,Pacific Northwest National Laboratory (PNNL),1
Nuclear Regulatory Commission,US Nuclear Regulatory Commission,1
the Nuclear Advanced Manufacturing Research Centre,Nuclear Advanced Manufacturing Research Centre (NAMRC),1
TsKBM (part of Rosatom’s mechanical engineering division Atomenergomash),Rosatom’s mechanical engineering division Atomenergomash,1
LeadCold,Leadcold,1
Oak Ridge National Laboratory (ORNL),Oak Ridge National Laboratory,1
Enel Group,ENEA Group,1
Leipunsky Institute of Physics & Power Engineering (IPPE),AI Leipunsky Institute of Physics & Power Engineering (IPPE),1
Massachusetts Institute of Technology (MIT),Massachusetts Institute of Technology,1
General Atomics Electromagnetic Systems,General Atomics Electromagnetic Systems (GA-EMS),1
IP Group,PTT Group,1
Cammesa,CAMMESA,1
Liaoning Nuclear Power Company Limited,Liaoning Nuclear Power Co Ltd,1
ORLEN Synthos Green Energy,Orlen Sythnos Green Energy,1
PK Orlen,PKN Orlen,1
Shine,SHINE,1
ASEA-Atom,Asea Atom,1
EXIM Bank,US Exim Bank,1
Regnum Technology Group LLC,Regnum Technology Group,1
AtkinsRealis,AtkinsRéalis,1
European Bank for Reconstruction & Development,European Bank for Reconstruction and Development,1
Atkins Nuclear & Power,Nuclear Power Ghana,1
HOLTEC Britain,Holtec Britain,1
China General Nuclear Power Corp (CGN),China General Nuclear Power Corporation (CGN),1
Holtech,Holtec,1
Korea Hydro and Nuclear Power (KHNP),Korea Hydro & Nuclear Power,1
Fennovoima Oy,Fennovoima,1
Electricite de France,Electricité de France,1
Pertamina,PT Pertamina,1
AA Bochvar Research Institute of Inorganic Materials,AA Bochvar Research Institute of Inorganic Materials (VNIINM),1
JSC Titan-2,SCC Titan-2,1
Nuvia,NUVIA,1
Directorate for Radiation Protection & Nuclear Safety (DSA),Dutch Authority for Nuclear Safety and Radiation Protection,1
Graphitec,Graphitech,1
Westinghouse Electric Spain,Westinghouse Electric,1
The Urals Federal University (UrFU),Ural Federal University,1
AA Bochvar Research Institute of Inorganic Materials (VNIINM – part of TVEL),AA Bochvar Research Institute of Inorganic Materials (VNIINM),1
Rosatom’s fuel company Tvel,Rosatom's fuel company TVEL,1
Societatea Nationala Nuclearelectrica SA,Societatea Națională Nuclearelectrica,1
Invap,INVAP,1
Ares Acquisition Corporation (AAC),Ares Acquisition Corporation,1
"Teollisuuden Voima (TVO), Fingrid",Teollisuuden Voima Oyj (TVO),1
UK’s Nuclear Waste Services (NWS),Nuclear Waste Services,1
National Centre for Nuclear Research,National Centre for Nuclear Research (NCBJ),1
Korean Atomic Energy Research Institute,Korea Atomic Energy Research Institute,1
JSC AEM Technologies Petrozavodskmash,Petrozavodskmash plant of AEM-Technologies,1
KTH Innovation,SK Innovation,1
EIT InnoEnergy,InnoEnergy,1
Novatron Fusion Group,Novatron Fusion,1
Techsnabexport JSC,Tekhsnabexport,1
Industrias Nucleares do Brasil (INB),Indústrias Nucleares do Brasil (INB),1
American Nuclear Society (ANS),American Nuclear Society,1
China National Nuclear Corporation's subsidiary China Nuclear Engineering Corporation,China National Nuclear Corporation's (CNNC) subsidiary China Nuclear Engineering and Construction Corporation (CNECC),1
EDVANCE UK,Edvance UK,1
EFINOR,Efinor,1
RI Research Instruments,Research Instruments,1
Institute Orgenergostroy JSC,JSC Orgenergostroy Institute,1
RAOS Project Oy,Raos Project,1
Empresarios Agrupados,Empresarios Agrupados (EA),1
NRG Pallas,NRG I PALLAS,1
Bhavini,BHAVINI,1
Rusat Energy Projects,Rosatom Energy Projects,1
Rostekh State Corporation,Rosatom State Corporation,1
ENUSA,Enusa,1
UK Nuclear Decommissioning Authority,Nuclear Decommissioning Authority (NDA),1
South Korean,South Korea,1
BWXT Advanced Technologies LLC,BWXT Advanced Technologies,1
Rolls-Royce Submarines,Rolls-Royce SMR,1
Kärnfull Next AB,Kärnfull Next,1
KGM Polska Miedź SA,KGHM Polska Miedz,1
Sokolovská uhelná,Sokolovska Uhelna,1
ENBpar,ENBPar,1
Besix,BESIX,1
JSC Zaporizhzhia NPP,Zaporizhia NPP,1
Prodigy Clean Energy Ltd,Prodigy Clean Energy,1
"Energospetsmontazh, JSC",Energospetzmontazh,1
TITAN-2 JSC,SCC Titan-2,1
CNNC Southwestern Institute of Physics,Southwestern Institute of Physics,1
Framatome SAS,Framatome,1
Teollisuuden Voima,Teollisuuden Voima Oyj (TVO),1
Urenco Ltd,Urenco Limited,1
Argonne National Laboratory (ANL),Argonne National Laboratory,1
IC Içtaş,IC Içtas,1
GE Hitachi Nuclear,GE-Hitachi Nuclear Energy,1
China Nuclear International Corporation,China National Nuclear Corporation (CNNC),1
Chugoku Electric Power,Chubu Electric Power Co,1
AEM Technologies,AEM-Technologies,1
Kepco PS&E,Kepco KPS,1
Rambøll,Ramboll,1
Technical Research Centre of Finland,VTT Technical Research Centre of Finland,1
NNB Generation Company (HPC) Limited,NNB Generation Company HPC Ltd,1
GE Hungary Kft.,GE Hungary Kft,1
Rusatom - Automated Control Systems JSC,Rusatom Automated Control Systems (RASU),1
PKN ORLEN S.A.,PKN Orlen,1
Areva NP SAS,AREVA NP SAS,1
Areva GmbH,AREVA GmbH,1
Yellowcake PLC,Yellowcake,1
Atomredmetzoloto,Atomredmetzoloto JSC,1
Westinghouse Electric Company (WEC),Westinghouse Electric Company UK,1
Nova Power and Gas,Nova Power & Gas,1
RoPower Nuclear S.A.,RoPower Nuclear,1
Ontario Power Generation Inc,Ontario Power Generation,1
MMC Norilsk Nickel,Norilsk Nickel,1
Onatrio Power Generation,Ontario Power Generation,1
China General Nuclear Power Corp,China General Nuclear Power Corporation (CGN),1
Hyundai Engineering and Construction (HDEC),Hyundai Engineering & Construction,1
Slovak Power Holding BV (SPH),Slovak Power Holding BV,1
Hitachi-GE Nuclear Energy,GE-Hitachi Nuclear Energy,1
Hitachi-GE,GE-Hitachi,1
TSM Enerji Insaat Sanayi Limited Şirketi,TSM Enerji Insaat Sanayi Limited Sirketi,1
Fusion-for-Energy (F4E),Fusion for Energy,1
Societatea Nationala Nuclearelectrica SA (SNN),Societatea Națională Nuclearelectrica,1
Akkuyu Nucleer,Akkuyu Nuclear,1
JSC Concern Titan-2,Concern Titan-2 JSC,1
IC Iütas,IC Içtas,1
EON group,Aecon Group,1
Hokkaido Electric Power Co,Kansai Electric Power Co,1
Hainan Nuclear Power Co Ltd,Liaoning Nuclear Power Co Ltd,1
ARC Clean Energy,ARC Clean Energy Canada,1
Frazer-Nash Consultancy,Frazer-Nash Consultancy Ltd,1
TransAlta US,TransAlta,1
Dounreay Site Restoration Ltd,Dounreay Sites Restoration Ltd,1
Hokkaido Electric Power Co.,Kansai Electric Power Co,1
Mitsubishi Nuclear Fuel Co,Mitsubishi Nuclear Fuel Co (MNF),1
Japan’s Nuclear Regulation Authority (NRA),Nuclear Regulation Authority,1
Paks-II Ltd.,Paks II Ltd,1
Slovenské elektráne (SE),Slovenske Elektrarne,1
Tractebel Engineering SA,Tractebel Engineering,1
Tractebel Engineering Ltda,Tractebel Engineering,1
Atomenergomash (AEM),Atomenergomash,1
Pacific Gas and Electric (PG&E),Pacific Gas and Electric Company (PG&E),1
Ultra Safe Nuclear Corporation UK Ltd,Ultra Safe Nuclear Corporation,1
EDF Energy Nuclear Generation Ltd,EDF Energy Nuclear Generation Limited (NGL),1
US Global Laser Enrichment,Global Laser Enrichment,1
Siberian Chemical combine (SCC),Siberian Chemical Combine,1
"Rosatom”, “TVEL”, ",Rosatom's TVEL,1
Trest ROSsem LLC,Trest RosSEM LLC,1
Enel Produzione SpA,Enel Produzione,1
Concern Titan-2,Concern Titan-2 JSC,1
Central Enterprise for the Management of Radioactive Waste (CPPRV),Central Enterprise for the Management of Radioactive Waste,1
CAP1000,AP1000,1
CV Rez,CV-Rez,1
UJV Rez,UJV REZ,1
Oak Ridge,Oakridge,1
University of Texas,Texas A&M University,1
Chugoku Electric Power Company,Chubu Electric Power Co,1
Tohoku Electric Power company,Tohoku Electric Power Co,1
GE Nuclear Energy,GE-Hitachi Nuclear Energy,1
PLN Indonesia Power,Indonesia Power,1
China National Nuclear Coorporation,China National Nuclear Corporation (CNNC),1
US-based Westinghouse Electric,Westinghouse Electric,1
ZEB PAK,Ze Pak,1
GE-Hitachi (GEH),GE-Hitachi,1
Japan Atomic Power Company,Japan Atomic Power Co,1
PALLAS,Pallas,1
Atomic Energy Canada Ltd,Atomic Energy Canada Ltd. (AECL),1
Kyoto Fusioneering Ltd,Kyoto Fusioneering,1
Engie Electrabel,Engie-Electrabel,1
Nuclearelectrica SA (SNN),SN Nuclearelectricia (SNN),1
Kinectrics Inc.,Kinectrics Inc,1
DOE’s Oak Ridge National Laboratory,Oak Ridge National Laboratory,1
Elektrarna Dukovany II,Elektrárna Dukovany II,1
Westinghouse Electric Company UK Ltd,Westinghouse Electric Company UK,1
Rolls-Royce SMR A,Rolls-Royce SMR,1
Nuclear and Decommissioning Company (JAVYS),Slovak Nuclear & Decommissioning Company (JAVYS),1
ORANO NPS,Orano NCS,1
JSC RAOPROEKT,JSC RaoProekt,1
JSC Akkuyu Nuclear,Akkuyu Nukleer JSC,1
Westinghouse Electric Co,Westinghouse Electric,1
Covra,COVRA,1
Green Planet Energy,Green Energy Partners,1
Hyundai Engineering and Construction of Korea,Hyundai Engineering & Construction,1
Mitsubishi Electric of Japan,Mitsubishi Electric,1
Combustion engineering,Combustion Engineering,1
AECON,Aecon,1
ENTERGY,Entergy,1
HOLTEC,Holtec,1
Canadian General Electric,General Electric Company,1
General Electric (GE),General Electric,1
Framatone,Framatome,1
Doosan Heavy Industries and Construction,Doosan Heavy Industries & Construction,1
Polimex Mostostal,Polimex Mostostal Siedlce,1
ITM Isotope Technologies Munich SE,ITM Isotope Technologies Munich,1
Desktop Metal,"Desktop Metal, Inc",1
US Trade and Development Agency (USTDA),United States Trade and Development Agency,1
Akkuyu Nuklear,Akkuyu Nuclear,1
UK's Nuclear Decommissioning Authority (NDA),Nuclear Decommissioning Authority (NDA),1
Nuclear Regulation Authority (NRA),Nuclear Regulation Authority,1
US Nuclear,PSEG Nuclear,1
Alpiq Holding AG,Axpo Holding AG,1
DOE (Department of Energy),Department of Energy,1
Halden Kjernekraft,Halden Kjernekraft AS,1
Anglian Water,Anglia Water,1
Korea Electric Power Corporation (Kepco),Korea Electric Power Corporation,1
Teollisuuden Voima Oy (TVO),Teollisuuden Voima Oyj (TVO),1
Beloyarsk NPP,Belarus NPP,1
Global Nuclear Fuel-Americas,US-based Global Nuclear Fuel-Americas,1
General Electric (GEH),General Electric,1
Export-Import Bank (EXIM),US Export-Import (Exim) Bank,1
BLUE CAPSULE,Blue Capsule,1
Newcleo SA,newcleo,1
Flibe Energy,Liberty Energy,1
