company,Publication Group,SUPPORT,CONTRADICT,NEI,Total Labels,Percentage of Supported Claims,Percentage of Contradicted Claims,Percentage of NEI Claims,Percentage of Verifiability
Rosatom,Group_Nuclear_Publications,171.0,30.0,376.0,577.0,29.636048526863085,5.1993067590987865,65.16464471403813,24.4367417677643
Westinghouse,Group_Nuclear_Publications,103.0,34.0,280.0,417.0,24.700239808153476,8.15347721822542,67.14628297362111,16.546762589928058
EDF,Group_Nuclear_Publications,78.0,34.0,207.0,319.0,24.45141065830721,10.658307210031348,64.89028213166145,13.793103448275863
NuScale,Group_Nuclear_Publications,82.0,17.0,136.0,235.0,34.8936170212766,7.234042553191489,57.87234042553191,27.659574468085108
Rolls-Royce SMR,Group_Nuclear_Publications,75.0,16.0,92.0,183.0,40.98360655737705,8.743169398907105,50.27322404371585,32.240437158469945
Framatome,Group_Nuclear_Publications,30.0,9.0,110.0,149.0,20.13422818791946,6.0402684563758395,73.8255033557047,14.093959731543622
GE-Hitachi,Group_Nuclear_Publications,45.0,6.0,84.0,135.0,33.33333333333333,4.444444444444445,62.22222222222222,28.888888888888886
X-Energy,Group_Nuclear_Publications,59.0,7.0,57.0,123.0,47.96747967479675,5.691056910569105,46.34146341463415,42.27642276422765
Holtec,Group_Nuclear_Publications,23.0,7.0,92.0,122.0,18.852459016393443,5.737704918032787,75.40983606557377,13.114754098360656
Ontario Power Generation,Group_Nuclear_Publications,43.0,3.0,67.0,113.0,38.05309734513274,2.6548672566371683,59.29203539823009,35.39823008849557
TVEL,Group_Nuclear_Publications,15.0,10.0,70.0,95.0,15.789473684210526,10.526315789473683,73.68421052631578,5.2631578947368425
TerraPower,Group_Nuclear_Publications,30.0,3.0,48.0,81.0,37.03703703703704,3.7037037037037033,59.25925925925925,33.333333333333336
Energoatom,Group_Nuclear_Publications,20.0,11.0,46.0,77.0,25.97402597402597,14.285714285714285,59.74025974025974,11.688311688311686
GE-Hitachi Nuclear Energy,Group_Nuclear_Publications,41.0,2.0,33.0,76.0,53.94736842105263,2.631578947368421,43.42105263157895,51.31578947368421
USNC,Group_Nuclear_Publications,20.0,3.0,52.0,75.0,26.666666666666668,4.0,69.33333333333334,22.666666666666668
Rosenergoatom,Group_Nuclear_Publications,19.0,8.0,48.0,75.0,25.333333333333336,10.666666666666668,64.0,14.666666666666668
China National Nuclear Corporation (CNNC),Group_Nuclear_Publications,17.0,3.0,49.0,69.0,24.637681159420293,4.3478260869565215,71.01449275362319,20.289855072463773
Korea Hydro & Nuclear Power,Group_Nuclear_Publications,20.0,4.0,45.0,69.0,28.985507246376812,5.797101449275362,65.21739130434783,23.18840579710145
Orano,Group_Nuclear_Publications,10.0,1.0,57.0,68.0,14.705882352941178,1.4705882352941175,83.82352941176471,13.23529411764706
Korea hydro and Nuclear Power (KHNP),Group_Nuclear_Publications,12.0,3.0,47.0,62.0,19.35483870967742,4.838709677419355,75.80645161290323,14.516129032258064
Urenco,Group_Nuclear_Publications,11.0,4.0,44.0,59.0,18.64406779661017,6.779661016949152,74.57627118644068,11.864406779661017
Bruce Power,Group_Nuclear_Publications,28.0,3.0,21.0,52.0,53.84615384615385,5.769230769230769,40.38461538461539,48.07692307692308
CEZ,Group_Nuclear_Publications,17.0,7.0,26.0,50.0,34.0,14.000000000000002,52.0,20.0
newcleo,Group_Nuclear_Publications,32.0,2.0,13.0,47.0,68.08510638297872,4.25531914893617,27.659574468085108,63.829787234042556
Fortum,Group_Nuclear_Publications,19.0,2.0,26.0,47.0,40.42553191489361,4.25531914893617,55.319148936170215,36.170212765957444
Moltex,Group_Nuclear_Publications,17.0,5.0,25.0,47.0,36.17021276595745,10.638297872340425,53.191489361702125,25.531914893617028
Doosan Enerbility,Group_Nuclear_Publications,11.0,1.0,34.0,46.0,23.91304347826087,2.1739130434782608,73.91304347826086,21.73913043478261
Bechtel,Group_Nuclear_Publications,8.0,2.0,36.0,46.0,17.391304347826086,4.3478260869565215,78.26086956521739,13.043478260869565
BWXT,Group_Nuclear_Publications,6.0,0.0,35.0,41.0,14.634146341463413,0.0,85.36585365853658,14.634146341463413
Orlen Sythnos Green Energy,Group_Nuclear_Publications,19.0,3.0,18.0,40.0,47.5,7.5,45.0,40.0
Nuclearelectrica,Group_Nuclear_Publications,17.0,3.0,20.0,40.0,42.5,7.5,50.0,35.0
Akkuyu Nukleer JSC,Group_Nuclear_Publications,7.0,1.0,30.0,38.0,18.421052631578945,2.631578947368421,78.94736842105263,15.789473684210524
Cameco,Group_Nuclear_Publications,10.0,2.0,25.0,37.0,27.027027027027028,5.405405405405405,67.56756756756756,21.62162162162162
Great British Nuclear,Group_Nuclear_Publications,12.0,3.0,20.0,35.0,34.285714285714285,8.571428571428571,57.14285714285714,25.714285714285715
Oklo,Group_Nuclear_Publications,11.0,1.0,23.0,35.0,31.428571428571427,2.857142857142857,65.71428571428571,28.57142857142857
Sellafield Ltd,Group_Nuclear_Publications,0.0,5.0,28.0,33.0,0.0,15.151515151515152,84.84848484848484,-15.151515151515152
Vattenfall,Group_Nuclear_Publications,13.0,1.0,18.0,32.0,40.625,3.125,56.25,37.5
China National Nuclear Corporation,Group_Nuclear_Publications,12.0,0.0,20.0,32.0,37.5,0.0,62.5,37.5
Tepco,Group_Nuclear_Publications,3.0,2.0,27.0,32.0,9.375,6.25,84.375,3.125
Georgia Power,Group_Nuclear_Publications,5.0,8.0,18.0,31.0,16.129032258064516,25.806451612903224,58.06451612903226,-9.677419354838708
Terrestrial Energy,Group_Nuclear_Publications,12.0,2.0,17.0,31.0,38.70967741935484,6.451612903225806,54.83870967741935,32.25806451612903
Dow,Group_Nuclear_Publications,15.0,1.0,15.0,31.0,48.38709677419355,3.225806451612903,48.38709677419355,45.16129032258065
Jacobs,Group_Nuclear_Publications,10.0,0.0,21.0,31.0,32.25806451612903,0.0,67.74193548387096,32.25806451612903
Teollisuuden Voima Oyj (TVO),Group_Nuclear_Publications,7.0,3.0,21.0,31.0,22.58064516129032,9.67741935483871,67.74193548387096,12.90322580645161
ARC,Group_Nuclear_Publications,9.0,1.0,20.0,30.0,30.0,3.3333333333333335,66.66666666666666,26.666666666666668
US Department of Energy,Group_Nuclear_Publications,6.0,0.0,23.0,29.0,20.689655172413794,0.0,79.3103448275862,20.689655172413794
Enec,Group_Nuclear_Publications,9.0,2.0,18.0,29.0,31.03448275862069,6.896551724137931,62.06896551724138,24.13793103448276
Westinghouse Electric,Group_Nuclear_Publications,7.0,0.0,22.0,29.0,24.137931034482758,0.0,75.86206896551724,24.137931034482758
Tractebel,Group_Nuclear_Publications,11.0,0.0,17.0,28.0,39.285714285714285,0.0,60.71428571428571,39.285714285714285
Ansaldo Nucleare,Group_Nuclear_Publications,5.0,2.0,21.0,28.0,17.857142857142858,7.142857142857142,75.0,10.714285714285715
Southern Company,Group_Nuclear_Publications,5.0,3.0,20.0,28.0,17.857142857142858,10.714285714285714,71.42857142857143,7.142857142857144
Slovenske Elektrarne,Group_Nuclear_Publications,5.0,0.0,22.0,27.0,18.51851851851852,0.0,81.48148148148148,18.51851851851852
Kairos,Group_Nuclear_Publications,10.0,0.0,17.0,27.0,37.03703703703704,0.0,62.96296296296296,37.03703703703704
Fermi Energia,Group_Nuclear_Publications,10.0,3.0,14.0,27.0,37.03703703703704,11.11111111111111,51.85185185185185,25.925925925925927
DOE,Group_Nuclear_Publications,9.0,1.0,17.0,27.0,33.33333333333333,3.7037037037037033,62.96296296296296,29.629629629629626
Norsk Kjernekraft,Group_Nuclear_Publications,9.0,1.0,17.0,27.0,33.33333333333333,3.7037037037037033,62.96296296296296,29.629629629629626
IAEA,Group_Nuclear_Publications,5.0,5.0,16.0,26.0,19.230769230769234,19.230769230769234,61.53846153846154,0.0
Constellation,Group_Nuclear_Publications,0.0,3.0,22.0,25.0,0.0,12.0,88.0,-12.0
National Nuclear Laboratory,Group_Nuclear_Publications,12.0,1.0,12.0,25.0,48.0,4.0,48.0,44.0
General Atomics,Group_Nuclear_Publications,4.0,2.0,19.0,25.0,16.0,8.0,76.0,8.0
Centrus,Group_Nuclear_Publications,7.0,1.0,17.0,25.0,28.000000000000004,4.0,68.0,24.000000000000004
SNC-Lavalin,Group_Nuclear_Publications,5.0,2.0,17.0,24.0,20.833333333333336,8.333333333333332,70.83333333333334,12.500000000000004
Centrus Energy,Group_Nuclear_Publications,8.0,2.0,14.0,24.0,33.33333333333333,8.333333333333332,58.333333333333336,24.999999999999996
Atomenergomash,Group_Nuclear_Publications,6.0,0.0,17.0,23.0,26.08695652173913,0.0,73.91304347826086,26.08695652173913
Assystem,Group_Nuclear_Publications,8.0,0.0,15.0,23.0,34.78260869565217,0.0,65.21739130434783,34.78260869565217
Holtec Britain,Group_Nuclear_Publications,10.0,2.0,10.0,22.0,45.45454545454545,9.090909090909092,45.45454545454545,36.36363636363636
Kepco,Group_Nuclear_Publications,4.0,1.0,17.0,22.0,18.181818181818183,4.545454545454546,77.27272727272727,13.636363636363637
Atomstroyexport,Group_Nuclear_Publications,7.0,0.0,15.0,22.0,31.818181818181817,0.0,68.18181818181817,31.818181818181817
Southern Nuclear,Group_Nuclear_Publications,3.0,2.0,15.0,20.0,15.0,10.0,75.0,5.0
SaskPower,Group_Nuclear_Publications,7.0,1.0,12.0,20.0,35.0,5.0,60.0,30.0
Canadian Nuclear Laboratories,Group_Nuclear_Publications,5.0,2.0,12.0,19.0,26.31578947368421,10.526315789473683,63.1578947368421,15.789473684210526
Emirates Nuclear Energy Corporation (Enec),Group_Nuclear_Publications,5.0,4.0,10.0,19.0,26.31578947368421,21.052631578947366,52.63157894736842,5.2631578947368425
Kazatomprom,Group_Nuclear_Publications,4.0,3.0,12.0,19.0,21.052631578947366,15.789473684210526,63.1578947368421,5.263157894736841
UKAEA,Group_Nuclear_Publications,3.0,0.0,16.0,19.0,15.789473684210526,0.0,84.21052631578947,15.789473684210526
Idaho National Laboratory,Group_Nuclear_Publications,4.0,1.0,14.0,19.0,21.052631578947366,5.263157894736842,73.68421052631578,15.789473684210524
Eletronuclear,Group_Nuclear_Publications,2.0,2.0,15.0,19.0,10.526315789473683,10.526315789473683,78.94736842105263,0.0
Engie,Group_Nuclear_Publications,5.0,1.0,13.0,19.0,26.31578947368421,5.263157894736842,68.42105263157895,21.052631578947366
Mitsubishi Heavy Industries (MHI),Group_Nuclear_Publications,2.0,2.0,15.0,19.0,10.526315789473683,10.526315789473683,78.94736842105263,0.0
PKN Orlen,Group_Nuclear_Publications,12.0,1.0,5.0,18.0,66.66666666666666,5.555555555555555,27.77777777777778,61.1111111111111
Hitachi,Group_Nuclear_Publications,8.0,2.0,8.0,18.0,44.44444444444444,11.11111111111111,44.44444444444444,33.33333333333333
AtkinsRéalis,Group_Nuclear_Publications,2.0,1.0,15.0,18.0,11.11111111111111,5.555555555555555,83.33333333333334,5.555555555555555
China General Nuclear (CGN),Group_Nuclear_Publications,3.0,0.0,15.0,18.0,16.666666666666664,0.0,83.33333333333334,16.666666666666664
Candu Energy,Group_Nuclear_Publications,8.0,1.0,9.0,18.0,44.44444444444444,5.555555555555555,50.0,38.888888888888886
Nuclear Power Corporation of India Ltd,Group_Nuclear_Publications,4.0,1.0,13.0,18.0,22.22222222222222,5.555555555555555,72.22222222222221,16.666666666666664
Tokyo Electric Power Company (Tepco),Group_Nuclear_Publications,5.0,4.0,8.0,17.0,29.411764705882355,23.52941176470588,47.05882352941176,5.882352941176475
ORNL,Group_Nuclear_Publications,2.0,1.0,14.0,17.0,11.76470588235294,5.88235294117647,82.35294117647058,5.88235294117647
SCK CEN,Group_Nuclear_Publications,1.0,0.0,16.0,17.0,5.88235294117647,0.0,94.11764705882352,5.88235294117647
NRG,Group_Nuclear_Publications,3.0,0.0,14.0,17.0,17.647058823529413,0.0,82.35294117647058,17.647058823529413
Kansai Electric Power Co,Group_Nuclear_Publications,5.0,0.0,12.0,17.0,29.411764705882355,0.0,70.58823529411765,29.411764705882355
Deep Isolation,Group_Nuclear_Publications,3.0,2.0,12.0,17.0,17.647058823529413,11.76470588235294,70.58823529411765,5.882352941176473
Idaho National Laboratory (INL),Group_Nuclear_Publications,7.0,0.0,10.0,17.0,41.17647058823529,0.0,58.82352941176471,41.17647058823529
Last Energy,Group_Nuclear_Publications,5.0,0.0,12.0,17.0,29.411764705882355,0.0,70.58823529411765,29.411764705882355
Seaborg,Group_Nuclear_Publications,6.0,0.0,11.0,17.0,35.294117647058826,0.0,64.70588235294117,35.294117647058826
Cavendish Nuclear,Group_Nuclear_Publications,6.0,2.0,9.0,17.0,35.294117647058826,11.76470588235294,52.94117647058824,23.529411764705884
Tokamak Energy,Group_Nuclear_Publications,9.0,1.0,6.0,16.0,56.25,6.25,37.5,50.0
KGHM Polska Miedz,Group_Nuclear_Publications,8.0,0.0,8.0,16.0,50.0,0.0,50.0,50.0
TVO,Group_Nuclear_Publications,2.0,2.0,12.0,16.0,12.5,12.5,75.0,0.0
Polskie Elektrownie Jadrowe (PEJ),Group_Nuclear_Publications,6.0,0.0,10.0,16.0,37.5,0.0,62.5,37.5
Energy Northwest,Group_Nuclear_Publications,6.0,2.0,7.0,15.0,40.0,13.333333333333334,46.666666666666664,26.666666666666664
Eskom,Group_Nuclear_Publications,2.0,0.0,13.0,15.0,13.333333333333334,0.0,86.66666666666667,13.333333333333334
UK Atomic Energy Authority (UKAEA),Group_Nuclear_Publications,3.0,1.0,11.0,15.0,20.0,6.666666666666667,73.33333333333333,13.333333333333332
Oglethorpe Power Corp,Group_Nuclear_Publications,3.0,4.0,8.0,15.0,20.0,26.666666666666668,53.333333333333336,-6.666666666666668
Canadian Nuclear Laboratories (CNL),Group_Nuclear_Publications,0.0,0.0,15.0,15.0,0.0,0.0,100.0,0.0
Steady Energy,Group_Nuclear_Publications,5.0,2.0,8.0,15.0,33.33333333333333,13.333333333333334,53.333333333333336,19.999999999999993
AEM-Technologies,Group_Nuclear_Publications,9.0,0.0,6.0,15.0,60.0,0.0,40.0,60.0
Duke Energy,Group_Nuclear_Publications,3.0,0.0,12.0,15.0,20.0,0.0,80.0,20.0
Nuclear Waste Services,Group_Nuclear_Publications,4.0,1.0,10.0,15.0,26.666666666666668,6.666666666666667,66.66666666666666,20.0
Hyundai Engineering & Construction,Group_Nuclear_Publications,4.0,0.0,10.0,14.0,28.57142857142857,0.0,71.42857142857143,28.57142857142857
Nucleoelectrica Argentina,Group_Nuclear_Publications,10.0,0.0,4.0,14.0,71.42857142857143,0.0,28.57142857142857,71.42857142857143
ASE JSC,Group_Nuclear_Publications,8.0,1.0,5.0,14.0,57.14285714285714,7.142857142857142,35.714285714285715,50.0
US Nuclear Regulatory Commission,Group_Nuclear_Publications,6.0,1.0,7.0,14.0,42.857142857142854,7.142857142857142,50.0,35.71428571428571
CGN,Group_Nuclear_Publications,5.0,1.0,8.0,14.0,35.714285714285715,7.142857142857142,57.14285714285714,28.571428571428573
Enusa,Group_Nuclear_Publications,6.0,1.0,7.0,14.0,42.857142857142854,7.142857142857142,50.0,35.71428571428571
Siemens,Group_Nuclear_Publications,3.0,1.0,10.0,14.0,21.428571428571427,7.142857142857142,71.42857142857143,14.285714285714285
JAEA,Group_Nuclear_Publications,2.0,2.0,10.0,14.0,14.285714285714285,14.285714285714285,71.42857142857143,0.0
Kinectrics Inc,Group_Nuclear_Publications,5.0,0.0,9.0,14.0,35.714285714285715,0.0,64.28571428571429,35.714285714285715
Balfour Beatty,Group_Nuclear_Publications,2.0,1.0,10.0,13.0,15.384615384615385,7.6923076923076925,76.92307692307693,7.6923076923076925
ENEA,Group_Nuclear_Publications,5.0,0.0,8.0,13.0,38.46153846153847,0.0,61.53846153846154,38.46153846153847
Entergy,Group_Nuclear_Publications,0.0,1.0,12.0,13.0,0.0,7.6923076923076925,92.3076923076923,-7.6923076923076925
Naarea,Group_Nuclear_Publications,6.0,0.0,7.0,13.0,46.15384615384615,0.0,53.84615384615385,46.15384615384615
Nuward,Group_Nuclear_Publications,4.0,0.0,9.0,13.0,30.76923076923077,0.0,69.23076923076923,30.76923076923077
Nuclear Decommissioning Authority (NDA),Group_Nuclear_Publications,2.0,0.0,11.0,13.0,15.384615384615385,0.0,84.61538461538461,15.384615384615385
Aecon,Group_Nuclear_Publications,6.0,0.0,7.0,13.0,46.15384615384615,0.0,53.84615384615385,46.15384615384615
Rostekhnadzor,Group_Nuclear_Publications,1.0,2.0,10.0,13.0,7.6923076923076925,15.384615384615385,76.92307692307693,-7.6923076923076925
Therizon,Group_Nuclear_Publications,3.0,0.0,10.0,13.0,23.076923076923077,0.0,76.92307692307693,23.076923076923077
Tennessee Authority Valley,Group_Nuclear_Publications,6.0,0.0,7.0,13.0,46.15384615384615,0.0,53.84615384615385,46.15384615384615
Atomic Energy of Canada Limited,Group_Nuclear_Publications,5.0,2.0,6.0,13.0,38.46153846153847,15.384615384615385,46.15384615384615,23.07692307692308
NB Power,Group_Nuclear_Publications,3.0,1.0,9.0,13.0,23.076923076923077,7.6923076923076925,69.23076923076923,15.384615384615383
SHINE Technologies,Group_Nuclear_Publications,0.0,3.0,10.0,13.0,0.0,23.076923076923077,76.92307692307693,-23.076923076923077
CORE POWER,Group_Nuclear_Publications,1.0,0.0,11.0,12.0,8.333333333333332,0.0,91.66666666666666,8.333333333333332
Électricité de France (EDF),Group_Nuclear_Publications,0.0,0.0,12.0,12.0,0.0,0.0,100.0,0.0
Tokyo Electric Power Holdings (Tepco),Group_Nuclear_Publications,6.0,2.0,4.0,12.0,50.0,16.666666666666664,33.33333333333333,33.333333333333336
CEA,Group_Nuclear_Publications,3.0,0.0,9.0,12.0,25.0,0.0,75.0,25.0
Nova Power & Gas,Group_Nuclear_Publications,5.0,1.0,6.0,12.0,41.66666666666667,8.333333333333332,50.0,33.33333333333334
Kärnfull Next,Group_Nuclear_Publications,6.0,0.0,6.0,12.0,50.0,0.0,50.0,50.0
Ze Pak,Group_Nuclear_Publications,3.0,1.0,8.0,12.0,25.0,8.333333333333332,66.66666666666666,16.666666666666668
AECL,Group_Nuclear_Publications,1.0,0.0,11.0,12.0,8.333333333333332,0.0,91.66666666666666,8.333333333333332
Argonne National Laboratory,Group_Nuclear_Publications,1.0,1.0,10.0,12.0,8.333333333333332,8.333333333333332,83.33333333333334,0.0
Municipal Electric Authority of Georgia (MEAG),Group_Nuclear_Publications,0.0,3.0,8.0,11.0,0.0,27.27272727272727,72.72727272727273,-27.27272727272727
Japan Atomic Energy Agency (JAEA),Group_Nuclear_Publications,1.0,0.0,10.0,11.0,9.090909090909092,0.0,90.9090909090909,9.090909090909092
General Fusion,Group_Nuclear_Publications,0.0,0.0,11.0,11.0,0.0,0.0,100.0,0.0
ULC-Energy,Group_Nuclear_Publications,2.0,1.0,8.0,11.0,18.181818181818183,9.090909090909092,72.72727272727273,9.090909090909092
Fluor Corporation,Group_Nuclear_Publications,2.0,1.0,8.0,11.0,18.181818181818183,9.090909090909092,72.72727272727273,9.090909090909092
Atkins,Group_Nuclear_Publications,5.0,0.0,6.0,11.0,45.45454545454545,0.0,54.54545454545454,45.45454545454545
PacifiCorp,Group_Nuclear_Publications,4.0,0.0,7.0,11.0,36.36363636363637,0.0,63.63636363636363,36.36363636363637
Lightbridge Corporation,Group_Nuclear_Publications,2.0,0.0,9.0,11.0,18.181818181818183,0.0,81.81818181818183,18.181818181818183
CNEA,Group_Nuclear_Publications,3.0,0.0,8.0,11.0,27.27272727272727,0.0,72.72727272727273,27.27272727272727
GE,Group_Nuclear_Publications,2.0,0.0,9.0,11.0,18.181818181818183,0.0,81.81818181818183,18.181818181818183
KEPCO E&C,Group_Nuclear_Publications,3.0,1.0,7.0,11.0,27.27272727272727,9.090909090909092,63.63636363636363,18.18181818181818
First Light Fusion,Group_Nuclear_Publications,1.0,2.0,8.0,11.0,9.090909090909092,18.181818181818183,72.72727272727273,-9.090909090909092
INVAP,Group_Nuclear_Publications,3.0,0.0,8.0,11.0,27.27272727272727,0.0,72.72727272727273,27.27272727272727
NuScale Power Corporation,Group_Nuclear_Publications,3.0,1.0,7.0,11.0,27.27272727272727,9.090909090909092,63.63636363636363,18.18181818181818
Nuclear Industry Association,Group_Nuclear_Publications,3.0,2.0,6.0,11.0,27.27272727272727,18.181818181818183,54.54545454545454,9.090909090909086
Sheffield Forgemasters,Group_Nuclear_Publications,4.0,1.0,6.0,11.0,36.36363636363637,9.090909090909092,54.54545454545454,27.272727272727273
Kyoto Fusioneering,Group_Nuclear_Publications,1.0,0.0,10.0,11.0,9.090909090909092,0.0,90.9090909090909,9.090909090909092
Korea Electric Power Company (Kepco),Group_Nuclear_Publications,4.0,1.0,6.0,11.0,36.36363636363637,9.090909090909092,54.54545454545454,27.272727272727273
Lightbridge,Group_Nuclear_Publications,3.0,3.0,5.0,11.0,27.27272727272727,27.27272727272727,45.45454545454545,0.0
Triso-X,Group_Nuclear_Publications,7.0,0.0,3.0,10.0,70.0,0.0,30.0,70.0
Samsung Heavy Industries,Group_Nuclear_Publications,4.0,0.0,6.0,10.0,40.0,0.0,60.0,40.0
NDA,Group_Nuclear_Publications,0.0,1.0,9.0,10.0,0.0,10.0,90.0,-10.0
KGHM,Group_Nuclear_Publications,5.0,0.0,5.0,10.0,50.0,0.0,50.0,50.0
General Electric,Group_Nuclear_Publications,3.0,0.0,7.0,10.0,30.0,0.0,70.0,30.0
Microsoft,Group_Nuclear_Publications,1.0,1.0,8.0,10.0,10.0,10.0,80.0,0.0
Nuclear Energy Institute,Group_Nuclear_Publications,3.0,1.0,6.0,10.0,30.0,10.0,60.0,20.0
China Huaneng Group,Group_Nuclear_Publications,4.0,0.0,6.0,10.0,40.0,0.0,60.0,40.0
Electricité de France,Group_Nuclear_Publications,0.0,3.0,7.0,10.0,0.0,30.0,70.0,-30.0
Office for Nuclear Regulation,Group_Nuclear_Publications,3.0,1.0,6.0,10.0,30.0,10.0,60.0,20.0
Hatch,Group_Nuclear_Publications,5.0,0.0,5.0,10.0,50.0,0.0,50.0,50.0
UK Atomic Energy Authority,Group_Nuclear_Publications,4.0,0.0,6.0,10.0,40.0,0.0,60.0,40.0
Energospetzmontazh,Group_Nuclear_Publications,2.0,1.0,7.0,10.0,20.0,10.0,70.0,10.0
Posiva,Group_Nuclear_Publications,2.0,1.0,7.0,10.0,20.0,10.0,70.0,10.0
MHI,Group_Nuclear_Publications,1.0,0.0,9.0,10.0,10.0,0.0,90.0,10.0
Areva-Siemens,Group_Nuclear_Publications,4.0,2.0,4.0,10.0,40.0,20.0,40.0,20.0
Xcel Energy,Group_Nuclear_Publications,1.0,4.0,5.0,10.0,10.0,40.0,50.0,-30.0
OKBM Africantov,Group_Nuclear_Publications,0.0,1.0,9.0,10.0,0.0,10.0,90.0,-10.0
NuScale,Group_Reddit,1.0,24.0,38.0,63.0,1.5873015873015872,38.095238095238095,60.317460317460316,-36.507936507936506
Westinghouse,Group_Reddit,1.0,6.0,18.0,25.0,4.0,24.0,72.0,-20.0
Rolls-Royce SMR,Group_Reddit,0.0,10.0,11.0,21.0,0.0,47.61904761904761,52.38095238095239,-47.61904761904761
GE-Hitachi,Group_Reddit,0.0,6.0,14.0,20.0,0.0,30.0,70.0,-30.0
GE,Group_Reddit,0.0,5.0,10.0,15.0,0.0,33.33333333333333,66.66666666666666,-33.33333333333333
TerraPower,Group_Reddit,0.0,2.0,9.0,11.0,0.0,18.181818181818183,81.81818181818183,-18.181818181818183
EDF,Group_Reddit,1.0,2.0,7.0,10.0,10.0,20.0,70.0,-10.0
X-Energy,Group_Reddit,0.0,1.0,9.0,10.0,0.0,10.0,90.0,-10.0
