company,SUPPORT,NEI,CONTRADICT
3M Company,,1.0,
A-Insinöörit Oy,,1.0,
A3D,,2.0,
AA Bochvar Research Institute of Inorganic Materials (VNIINM),,5.0,
"AB Rybalkin, Gortsunyan, Dyakin & Partners",,1.0,
ABB,,3.0,
ABEN,,1.0,
ABS,,3.0,
ABS Electro,1.0,,
ACC,,1.0,
ACU,,2.0,
ADCB,,1.0,
ADP,,1.0,
ADtranz,,1.0,
AEC,,1.0,
AECC,,3.0,
AECL,,12.0,
AECOM,,2.0,
AEM,,1.0,
AEM-Spetsstal,,3.0,
AEM-Technologies,4.0,11.0,
AEM-technologies Petrozavodskmash (part of Rosatom’s mechanical engineering division Atomenergomash),,1.0,
AEROSON Corporation,,1.0,
AFCEN,,1.0,
AFCONE,,2.0,
AFV Beltrame Group,,2.0,
AI Leipunsky Institute of Physics & Power Engineering (IPPE),,4.0,
AINS,,1.0,
AK,1.0,,
ALD Vacuum Technologies,,1.0,
AMG,,2.0,
AMG Critical Materials,,1.0,
ANDRA,,5.0,
ANL,,2.0,
ANSTO,,2.0,
ANVS,,5.0,
ANYbotics,,1.0,
AP Aleksandrov Scientific Research Technological Institute,,1.0,
AP1000,,3.0,1.0
APTIM,,2.0,
AQ Rate,,1.0,
ARAO,,1.0,
ARC,5.0,24.0,1.0
AREVA GmbH,,2.0,
AREVA NP SAS,,2.0,
ARMZ Uranium Holding Co,,1.0,
ARN,,4.0,
ARUP,,1.0,
ASE,2.0,3.0,
ASE JSC,6.0,7.0,1.0
ASN,1.0,8.0,
ATK Launch Systems,,1.0,
AWS,,1.0,
Aalborg,,1.0,
Abu Dhabi Commercial Bank,,1.0,
Accelerant Solutions,,2.0,
Accelerated Decommissioning Partners,,1.0,
Aecom Europe and India,,1.0,
Aecon,4.0,11.0,
Aecon Group,1.0,2.0,
Aerojet Rocketdyne,,1.0,
Agenda Global,,1.0,
Air Products,,1.0,
Airbus Defense and Space,,1.0,
Airswift,,,1.0
Akkuyu,,2.0,
Akkuyu NPP,,1.0,
Akkuyu Nuclear,2.0,2.0,
Akkuyu Nukleer JSC,5.0,33.0,
Akkuyu Nükleer Genel Merkezi,,1.0,
Alberta Innovates,1.0,2.0,
Alfa Laval,,2.0,
All-Russia Science Research and Design Institute of Power Engineering Technology (VNIPIET),,1.0,
All-Russian YI Zababakhin Scientific Research Institute of Technical Physics (VNIITF),,1.0,
Allegheny Electric,,1.0,
Alleima,1.0,,
AlleyCorp,,1.0,
"Alpha Safety Holdings, LLC",,1.0,
Alpiq,,1.0,
"Alsintec, ",,1.0,
Alstom,,1.0,
AltC,,2.0,
Altrad,,1.0,
Altrad Endel,,1.0,
Amazul,,,1.0
Amazônia Azul Tecnologias de Defesa (Amazul),,1.0,
Amcham,,1.0,
Amentum,1.0,6.0,
Amentum Environment & Energy,,1.0,
American Bureau of Shipping (ABS),,5.0,
American Centrifuge Operating (ACO),,7.0,
American Crane,,1.0,
American Institute of Physics (AIP),,1.0,
American Nuclear Society,,4.0,
American Nuscale,,1.0,
Amsted Graphite Materials,,4.0,
Analysis and Measurement Services Corporation,,1.0,
Andreessen Horowitz,,1.0,
Anglia Water,,2.0,
Angra NPP,,1.0,
Ansaldo,,1.0,
Ansaldo Energia,1.0,4.0,
Ansaldo Nucleare,1.0,27.0,1.0
Anton Paar,1.0,2.0,
Appalachian Power Company,,1.0,
Aptim-Amentum Alaska Decommissioning (A3D),,1.0,
Arabelle Solutions,,2.0,
Arbok-Nuclear,,1.0,
Arch Henderson,,1.0,
Ares,1.0,2.0,
Ares Acquisition Corporation,1.0,2.0,
Ares Management Corporation,1.0,2.0,
Areva,,8.0,1.0
"Areva (now part of Framatome, which developed the EPR)",,1.0,
Areva NP,,1.0,
Areva NP (now Framatome),,,1.0
Areva SA,,3.0,
Areva-Siemens,1.0,7.0,2.0
Areva-Siemens consortium,,1.0,
Argentine Neutron Beam Laboratory (LAHN),,1.0,
Argentinian Nuclear Regulatory Authority,,2.0,
Argo Engineering,,1.0,
Argonne,,2.0,
Argonne National Laboratory,,11.0,1.0
Ariane Group,,3.0,
Armenian NPP,,1.0,
Arthur D. Little,,1.0,
Asahi Shimbun,,1.0,
Asea Atom,,2.0,
Asociación Nuclear Ascó-Vandellós II (ANAV),,1.0,
Associated Electric Cooperative Inc.,,1.0,
Association of American Railroads (AAR),,1.0,
Association of Ghana Industries (AGI),,1.0,
Associazione Italiana Nucleare,,,1.0
Assystem,5.0,18.0,
Asterès,,1.0,
Astrobotic,,1.0,
At One Ventures,,1.0,
Atkins,5.0,6.0,
Atkins UK and Europe,,1.0,
AtkinsRéalis,,18.0,
Atlas,,1.0,
Atomenergomash,3.0,20.0,
Atomenergoproject,1.0,1.0,
Atomenergoremont JSC,,6.0,
Atomic Canyon,,2.0,
Atomic Energy Authority of China (CAEA),,1.0,
Atomic Energy Canada Ltd. (AECL),,2.0,
Atomic Energy of Canada Limited,3.0,8.0,2.0
Atomic Weapons Establishment,,1.0,
Atomics International,,1.0,
Atommash,1.0,7.0,
Atomproektengineering,,1.0,
Atomredmetzoloto JSC,,2.0,
Atomspetsservice,,1.0,
Atomstroyexport,3.0,19.0,
Atomtekhenergo JSC,,1.0,
Atos,,1.0,
Augean,,1.0,
Aura Energy,,1.0,
Austin Energy,,1.0,1.0
Australia’s Nuclear Science & Technology Organisation (ANSTO),,5.0,
Autorité de Sûreté Nucléaire (ASN),1.0,,
Axiom Space,,1.0,
Axpo,,1.0,
Axpo Holding AG,,2.0,
Axpo Power AG,,1.0,
B&W,,1.0,
BAA Plc,,1.0,
BAE Systems,,4.0,
BAKS,,1.0,
BAM Infra Netherlands,1.0,,
BARC,,1.0,
BESIX,,2.0,
BGE,,7.0,
BGE Technology GmbH,,1.0,
BGZ Gesellschaft für Zwischenstorage mbH,,1.0,
BHARATIYA NAHBIKIYA VIDYUT NIGAM LIMITED,,2.0,
BHAVINI,,2.0,
BHEL,,3.0,
BHP,,1.0,
BHR,,2.0,
BKM,,1.0,
BKW,,1.0,
BKW (formerly Bernische Kraftwerke),,1.0,
BKW Energie AG,,1.0,
BKW/FMB,,,1.0
BLF,,1.0,
BMWK,,1.0,
BN-1200M,,,1.0
BNDES,,3.0,
BNF Resources,1.0,,
BNFL,,5.0,2.0
BNFL Instruments LTD,,1.0,
BNL,,2.0,
BREST-OD-300,,,1.0
BRIN,,1.0,
BT Pension Scheme,,1.0,
BV,,1.0,
BWRX,,1.0,
BWXT,3.0,39.0,2.0
BWXT Advanced Technologies,1.0,3.0,
BWXT Canada Ltd,2.0,6.0,
BWXT Medical Ltd.,,2.0,
BWXTCANADA,1.0,,
Babcock,,4.0,
Babcock International group,2.0,3.0,
Babcock Power Inc.,,2.0,
Baker Hughes,,,1.0
Balfour,,1.0,
Balfour Beatty,1.0,12.0,1.0
Baltic Operator (Grupa Przemyslowa Baltic),,1.0,
Bam,,1.0,
Bam Nuttall,4.0,4.0,
Banco de la Provincia de Buenos Ares,1.0,,
Bangor University,,1.0,
Battelle Energy Alliance,2.0,6.0,
Battelle Memorial Institute,,1.0,1.0
Bauer Hungary Ltd.,,1.0,
Bauer Magyarország Kft,,1.0,
Bayer,,1.0,
Bayern Kapital,,1.0,
Bechtel,4.0,39.0,3.0
Bechtel Cavendish Nuclear Solutions,,1.0,
Bechtel Corporation,,1.0,
Bechtel National,,2.0,
Bel V,,2.0,
BelRAO,,1.0,
Belarus NPP,,2.0,
Belenergo,,2.0,
Belgian Nuclear Research Centre,,1.0,
Belledune Port Authority,,1.0,
Berkshire Hathaway,,1.0,
Betavolt,,1.0,
Bilfinger,,2.0,
Bilfinger Noell,,1.0,
Bilfinger Peters Engineering,,1.0,
Bilfinger Piping Technologies UK,,2.0,
Biomashinostroene AD,,1.0,
Bionomics,,1.0,
Black Hills Corporation,,1.0,
Bloom Energy,,2.0,
Bloom SK Fuel Cell,,1.0,
Blue Capsule,,2.0,
Blue Laser Fusion (BLF),,1.0,
Blue Origin,,2.0,
Blue Wave,,2.0,
Blue Wave AI Labs,,3.0,
Blykalla,1.0,4.0,
Boeing,,2.0,
Bohai Shipbuilding Industry Company,,1.0,
Boss Energy,,1.0,
Boston Dynamics,,4.0,
Bouygues TP,,1.0,
Bouygues Travaux Publics,,3.0,
Bpifrance,,2.0,
Branislav Strýček,,1.0,
Brazilian Navy,,1.0,
Breakthrough Project,,1.0,
Breheny Civil Engineering Ltd,,1.0,
Britain Remade,,1.0,
British Nuclear Fuels Limited,,3.0,
British Roll Royce,,1.0,
British Steel,,1.0,
Brookfield,,5.0,
Brookfield Asset Management,,1.0,
Brookfield Business Partners,,1.0,
Brookfield Renewable Partners,2.0,4.0,
Bruce C,,,1.0
Bruce Power,12.0,40.0,1.0
Bryden Wood,,3.0,
Budimex,,1.0,
Building Trades of Alberta,,1.0,
Bularmex-IK JSCo,,1.0,
Bulmachinery Enterprises Ltd,,1.0,
Bundesanstalt für Geowissenschaften und Rohstoffe,,1.0,
Bureau Veritas,,2.0,
Bureau Veritas Bulgaria,,1.0,
Burns & McDonnell,,2.0,
C&EN,,1.0,
C5 Capital,,3.0,
CAEA,,1.0,
CAMMESA,1.0,1.0,
CANDU Reactor division,,1.0,
CAREM,,1.0,
CASMR,,1.0,
CCC,,1.0,1.0
CCTE,,2.0,
CChEN,,1.0,
CDTN,,1.0,
CEA,1.0,12.0,
CEDyAT,,1.0,
CEI,,2.0,
CERCA,,2.0,2.0
CERCA Romans,,1.0,
CEZ,4.0,43.0,3.0
CEZ Group,,1.0,
CFPP LLC,,2.0,
CFS,,2.0,
CGN,2.0,13.0,
CGNPC Uranium Resources Company Limited,,1.0,
CGNPC-URC,,4.0,
CIC,,1.0,
CIMC Enric,,2.0,
CITON,,1.0,1.0
CJSC NPP Paks-II,,1.0,
CNCC,1.0,,
CNE Branch Cernavoda,,1.0,
CNEA,1.0,10.0,
CNEN,,3.0,
CNFC3G,,1.0,
CNLY,,1.0,
CNNC Overseas Limited,,1.0,
CNNC Zhejiang Energy Co Ltd,,1.0,
CNNC-Guodian Zhangzhou Energy Company,2.0,2.0,
CNNP,,1.0,
CNP,,1.0,
CNPE,,1.0,
CNSC,1.0,5.0,
CNSL,,2.0,
CNUC,,1.0,
CORE,,1.0,
CORE Energy Systems,,1.0,
CORE POWER,,12.0,
COVRA,,5.0,
COVVI,,2.0,
CPS Energy,,2.0,1.0
CRA,,1.0,1.0
CRL,,1.0,
CRM,,2.0,
CRM Group,,1.0,
CSI,1.0,,
CSIRO,,2.0,
CV-Rez,,3.0,
CVG,,3.0,
Caley Ocean Systems,,1.0,
California's Public Utility Commission,,1.0,
Cambridge Vacuum Engineering,,1.0,
Cameco,2.0,34.0,1.0
Cameco Corp,,1.0,
Cameco Corporation,1.0,2.0,
CanAtom,,1.0,
Canada Infrastructure Bank,,3.0,
Canada's Cameco,1.0,,
Canadian Commercial Corporation,,1.0,
Canadian National Energy Alliance (CNEA),,1.0,
Canadian Nuclear Association,,2.0,1.0
Canadian Nuclear Isotope Council (CNIC),,1.0,
Canadian Nuclear Laboratories,,18.0,1.0
Canadian Nuclear Laboratories (CNL),,15.0,
Canadian Nuclear Partners,,1.0,
Canadian Nuclear Safety Commission (CNSC),,9.0,
Candu Energy,2.0,16.0,
Canon Electron Tube Device Corporation,,1.0,
Capital Power,,3.0,
Carbon Free Power Project (CFPP),,1.0,
Carr's Group,,1.0,
Case Western Reserve University,,1.0,
Cavendish,,1.0,
Cavendish Consulting,1.0,,1.0
Cavendish Nuclear,2.0,14.0,2.0
Ceca,,1.0,
Cenovus,,3.0,
Central Design & Technological Institute (JSC CPTI),,2.0,1.0
Central Design Bureau Iceberg,,1.0,
Central Enterprise for the Management of Radioactive Waste,,2.0,
Central Plateau Clean-up Company (CPC Co),,1.0,
Centralia Coal Transition Board,,1.0,
Centralna Energoremontna Baza EAD,,1.0,
Centrica,,2.0,
Centrum výzkumu Řež (CVŘ),,1.0,
Centrus,3.0,20.0,2.0
Centrus Energy,4.0,18.0,2.0
Century,,1.0,
Cerberus Nuclear,,2.0,
Cernavoda NPP,,1.0,
ChNPP,,2.0,
Chart,,1.0,
Chevron,,2.0,
Chiba Institute of Technology (CIT),,1.0,
Chiltern Vital Group,,3.0,
China,,5.0,
China Customs,,,1.0
China Datang Group,,1.0,
China Development Bank,,1.0,
China First Heavy Machinery Co Ltd,,2.0,
China General Nuclear (CGN),2.0,16.0,
China General Nuclear Power Corporation (CGN),,4.0,
China Guodian Corporation,1.0,3.0,
China Huaneng Group,1.0,7.0,2.0
China National Energy Administration,,1.0,
"China National Nuclear Cooperation's (CNNC), China National Nuclear Power (CNNP)",,1.0,
China National Nuclear Corp (SNNS),1.0,2.0,
China National Nuclear Corporation,3.0,30.0,
China National Nuclear Corporation (CNNC),4.0,61.0,4.0
China National Nuclear Corporation's (CNNC) subsidiary China Nuclear Engineering and Construction Corporation (CNECC),,2.0,
"China National Nuclear Corporation”]}  is not a correct extraction since CNNC does not operate SMRs. Instead, we are looking at a traditional PWR reactor that has been upgraded by its owner/operator, CNNC. Since there is no information about the maturity, deployment, or technicalities of Small Modular Reactors (SMRs), I will provide you with some general information from the text related to the nuclear industry: ",,1.0,
China National Nuclear Power,,8.0,
China National Uranium Corporation Limited,,1.0,
China Nuclear Construction,,1.0,
China Nuclear Energy Industry Corporation (CNEIC),,1.0,
China Nuclear Engineering Corporation,,4.0,
China Nuclear Engineering and Construction Corporation (CNECC),,1.0,
China Nuclear Group (CNG),,1.0,
China Nuclear Industry 22 Construction Company,,7.0,
China Nuclear Industry 23 Construction Company Ltd,,1.0,
China Nuclear Industry 24 Construction Company,,4.0,
China Nuclear Power Engineering Company Ltd,,2.0,
China Nuclear Power Engineering Group,,6.0,
China Power Investment Corporation,1.0,7.0,
China Science Daily,,1.0,
China TechEnergy Company,,1.0,
China Zhongyuan Engineering Corporation,,1.0,
China's State Nuclear Power Technology Corporation (SNPTC),,1.0,
Chinese,1.0,,
Chinese Academy of Sciences (CAS),,1.0,
Chubu Electric Power Co,1.0,2.0,
Chugoku Electric,,1.0,
Cirba Solutions,,1.0,
City of Dalton Utilities,,1.0,
Clark Seed,,1.0,
Clean Core,,5.0,
Climentum Capital,,1.0,
ComEd,,1.0,
Comanche Peak,,1.0,
Comanche Peak Power Company,,1.0,
Combustibles Nucleares Argentinos (Conuar),,1.0,
Combustion Engineering,,3.0,
Cominak,,2.0,
Comisión Federal de Electricidad (CFE),,1.0,
Commonwealth Fusion Systems (CFS),,2.0,
Community Nuclear Power,1.0,1.0,
Compania Nationala a Uraniului (CNU),,1.0,
Compania Națională Nuclearelectrica (SNN),,1.0,
Concern Titan-2 JSC,,3.0,
Conference Board of Canada,,1.0,
Consolidated Nuclear Security,,1.0,
Constellation,,23.0,2.0
Constellation Energy,,3.0,
Constellation Energy Generation,,3.0,
Consulper,,1.0,
Conuar,,1.0,
ConverDyn,,1.0,
Coordinating Ministry for Economic Affairs of the Republic of Indonesia,,1.0,
Copenhagen Atomics,,10.0,3.0
Coral Capital,,1.0,
Corespring Invest,1.0,,
Costain,,3.0,
Createc,,4.0,
Createc Ltd,,1.0,
Creative Energy,,1.0,
Creative Engineers Inc (CEI),,2.0,
Crowley,,2.0,
Crédit Agricole CIB,,1.0,
Crédit Agricole Group,,1.0,
Crédit Suisse,,1.0,
Cumbria Nuclear Solutions,,1.0,
Curio,,3.0,
Curio Solutions,,2.0,
Curium,,5.0,
Curtiss-Wright,,2.0,
Curtiss-Wright Corporation,,1.0,1.0
Curtiss-Wright Flow Control Service (dba Curtiss-Wright Nuclear Division),,1.0,
Cwmni Egino,,7.0,
Cyberwatch,,1.0,
DAE,,1.0,
DARPA,,1.0,1.0
DBD,,1.0,
DBI-Virtuhcon,,1.0,
DBJ Capital Co,,1.0,
DESNZ,,1.0,
DFC,,1.0,
DL E&C,1.0,5.0,1.0
DMT GmbH & Co,,1.0,
DN Tanks,,1.0,
DNV,,1.0,
DOE,2.0,24.0,2.0
DOE Isotope Program,,1.0,
DOE Office of Environmental Management (EM),,1.0,
DOE/NNSA,,1.0,
DOW Chemical,,2.0,
DRS,,1.0,
DS Private Equity (Korea),,1.0,
DSS Sustainable Solutions USA,,1.0,
DTRA,,1.0,
Daewoo,,2.0,
Daewoo Construction,,1.0,
Daewoo E&C,,3.0,
Daewoo Engineering & Construction,,2.0,
Daewoo Shipbuilding & Marine Engineering,,2.0,
Daher Nuclear Technologies GmbH,,1.0,
Dairyland Power,,1.0,
Dairyland Power Cooperative,,1.0,
Dalian Baoyuan Nuclear Equipment,,1.0,
Dalian Dafa Energy Branch,,1.0,
Dalian Municipal Construction Investment Co,,1.0,
Dalton,,1.0,
Dalton Nuclear Institute,,1.0,
Dalton Utilities,1.0,3.0,1.0
Danish start-ups,,1.0,
Danube Asphalt,,1.0,
Dassault Systèmes,,2.0,
Data61,,1.0,
DataTrails,,1.0,
Datang International Power Generation Company,,1.0,
Datastart,,1.0,
David Heath and Martin Clapham,,1.0,
Day and Zimmerman,,1.0,
Dayan Deerkh Energy Ltd,,1.0,
Deep Borehole Demonstration Center,,1.0,
Deep Isolation,1.0,15.0,1.0
Deep Isolation EMEA Ltd,,,1.0
DeepGeo,,3.0,
DeepTech & Climate Fonds,,1.0,
Degussa AG,,1.0,
Dell,,1.0,
Demcon,,1.0,
"Department for Business, Energy and Industrial Strategy (BEIS)",1.0,,
Department for Energy & Net Zero,,1.0,
Department of Atomic Energy (DAE),,2.0,
Department of Energy,,5.0,
Department of Energy’s Advanced Research Program Agency-Energy (ARPA-E),,1.0,
Des Nëdhé Group,,1.0,
Des Nëdhé Indigenous Economic Reconciliation Group,,1.0,
"Desktop Metal, Inc",,2.0,
Det Norske Veritas,,1.0,
Diamondback,,1.0,
Diamondback Energy,1.0,,
Differ,,1.0,
Digital Catapult,,1.0,
Dirat Light,,1.0,
Direct One,,1.0,
Direct Rail Services,,2.0,
Dominion,,1.0,
Dominion Energy,,6.0,
Donalam SRL,,1.0,
Dongfang Electric Corporation,,4.0,
Dongguk Nuclear Solution,,1.0,
Doosan,1.0,5.0,
Doosan Co,,1.0,
Doosan Enerbility,3.0,41.0,2.0
Doosan Energy,,2.0,
Doosan Heavy Industries & Construction,1.0,1.0,
Doosan Škoda Power,,1.0,
Dounreay Sites Restoration Ltd,,2.0,
Dow,10.0,22.0,1.0
Dow Inc,,1.0,
Dragonball,,1.0,
Drax,,1.0,
Drone Delivery Canada Corp (DDC),,1.0,
Dual Fluid,,4.0,2.0
Dual Fluid Energy,,1.0,1.0
Duke Energy,,15.0,1.0
Duke Energy Carolinas,,1.0,
Duke Energy Progress,,1.0,
Dutch Authority for Nuclear Safety and Radiation Protection,,2.0,
E,,1.0,
E-INFRA,,3.0,
E-Infra group,,1.0,
E.ON,,8.0,
E.S. Fox,,1.0,
EA,,1.0,
EBRD,,9.0,
EC,,2.0,
EDF,35.0,265.0,29.0
EDF EPR Engineering,,1.0,
"EDF Energy (operator of Hinkley Point C, but not mentioned as operator of Sizewell C), UK Government",,1.0,
EDF Energy Holdings Ltd,,1.0,
EDF Energy Nuclear Generation Limited (NGL),,2.0,
EDF Generation,,3.0,
EDF Group,,4.0,1.0
EDF R&D,,3.0,
EDF SZC Co,,1.0,
EDF Trading,,,1.0
EDU II,,1.0,
EGIS Industries,,1.0,
EHT,,1.0,
EIB,,1.0,
EIC,,1.0,
EIG,,1.0,
ELEA,,1.0,
ELIA AD,,1.0,
EM,,1.0,
ENBPar,,4.0,
ENE,,1.0,
ENEA,2.0,12.0,
ENEA Group,1.0,1.0,
ENRRA,,1.0,
EOS,,1.0,
EP Slovakia BV,,2.0,
EPG,,1.0,
EPH,,1.0,
EPK,,1.0,
EPR,2.0,3.0,1.0
EPR-2 (no company name),1.0,,
EPR2,,1.0,
EPRI,,4.0,1.0
EPSRC,,1.0,
EPZ,,2.0,
ERA,,1.0,
ERA-supported PMU,,1.0,
ES Fox,3.0,2.0,
ES Fox Limited,,1.0,
ES Group Europe,,1.0,
ESAB,,1.0,
EU,,1.0,
EUROCHEMIC,,1.0,
EWEC,,1.0,
EXIM,,1.0,
EXIM Bank Romania,,1.0,
EZK,,1.0,
Eadon,,1.0,
Earth Venture Capital,,1.0,
Eco-Optima,,3.0,
Ed. Züblin AG,,1.0,
Eddy Lea Energy Alliance,,1.0,
Edison,1.0,6.0,
Edvance UK,1.0,2.0,
Efinor,,2.0,
Egis,,3.0,
Egypt's Nuclear Power Plants Authority (NPPA),1.0,1.0,
Eiffage,1.0,,
Electrabel,,7.0,
Electric Power Development Co (J-Power),,1.0,
Electric Power Research Institute,,6.0,
Electricité de France,,8.0,2.0
Electrogrup,,1.0,
Electrosevkavmontazh Corporation (ESKM),,1.0,
Elektrárna Dukovany II,1.0,2.0,
Elementl Power,,1.0,
Eletrobras,,5.0,1.0
Eletronuclear,1.0,18.0,
Elia,,1.0,
Elkon MMC,,1.0,
Elysee,,1.0,
Emanuel Macron,,1.0,
Emerson Automation Solutions,,1.0,
Emirates Nuclear Energy Corporation (Enec),1.0,16.0,2.0
Emissions Reduction Alberta,,1.0,
Empresarios Agrupados (EA),,3.0,
EnBW,,7.0,
Enec,4.0,24.0,1.0
Enel,3.0,4.0,
Enel Produzione,,2.0,
Energoatom,2.0,65.0,10.0
Energoflot,,1.0,
Energoholding,,1.0,
Energomontaz-Polnoc Gdynia,,1.0,
Energonuclear SA,,1.0,
Energoproject-Katowice,,1.0,
Energoremont-Galabovo AD,,1.0,
Energospetzmontazh,2.0,7.0,1.0
Energy Communities Alliance (ECA),,1.0,
Energy Exploration,,2.0,
Energy Harbor,,5.0,
Energy Northwest,1.0,13.0,2.0
Energy Research Accelerator,,1.0,
Energy Safety Group Ltd,,1.0,
Energy Solutions Canada,,1.0,
EnergySolutions,,4.0,
Enfission,,1.0,
Engie,2.0,17.0,1.0
Engie-Electrabel,,7.0,
Engineering & Physical Sciences Research Council,1.0,,
Engineering Division Atomenergomash,,1.0,
Eni,,1.0,
Enresa,,9.0,
Ensa,,1.0,
Ensreg,,1.0,
Entergy,,13.0,1.0
Entergy Corporation,,3.0,
Entra1,,3.0,
Enusa,,11.0,3.0
Enusa Industrias Avanzadas,,1.0,
Environment Agency,1.0,3.0,
Environmental Working Group,,1.0,
Envision AESC,,1.0,
Equipos Nucleares SA (ENSA),,1.0,
Equitix,,1.0,
Erbud Group,,1.0,
Eren Groupe,,1.0,
Erzhong Group (Deyang) Heavy Equipment Company,,1.0,
Esente Healthcare,,1.0,
Eskom,,14.0,1.0
EthosEnergy,,2.0,
Euratom,,3.0,
European Bank for Reconstruction and Development,,6.0,
European Commission,,2.0,
European Institute for Energy and Transport (JRC-IET),,1.0,
European Investment Bank (EIB),1.0,7.0,
European Union,,1.0,
European companies,,1.0,
Evercore Energy,,1.0,
"Evigia Systems, Inc.",,1.0,
Evonik AG,,1.0,
Exelon,,4.0,
Exelon Generation,1.0,5.0,
Expedition Engineering,,4.0,
Export Development Canada,,1.0,
Export-Import Bank of Korea (Kexim),,1.0,
ExxonMobil,,1.0,
F4E,,1.0,
FAB,,1.0,
FANC,,5.0,
FANR,,3.0,
FCC,,1.0,
FDS,,1.0,
FEPC,,1.0,
FKA,,1.0,
FNME-CGT,,1.0,
FONGIT,,1.0,
FPCU Feldioara,,1.0,
FPoliSolutions,,1.0,
FSUE NO RAO,,1.0,
FSUE Radon,,1.0,
FSUE SIA LUCH,,1.0,
Famak,,1.0,
Famur Famak,,1.0,
Farvatn,,1.0,
Federal Agency for Nuclear Control,,1.0,
Federal Authority for Nuclear Regulation (FANR),,,1.0
Federal Environmental Operator,,1.0,
Federal Network Agency,,,1.0
Fengyuan Thermal Power,,2.0,
Fennovoima,,3.0,1.0
Fensma,,1.0,
Fermi Energia,7.0,19.0,2.0
Ferreira Guedes,,1.0,
Fincantieri,3.0,1.0,2.0
Finnish Energy,,1.0,
First Abu Dhabi Bank,,1.0,
First Light Co. Ltd,,1.0,
First Light Fusion,,11.0,
First Mats,,1.0,
First Nations Power Authority (FNPA),,1.0,
Fitch Ratings,,1.0,
Flibe,,1.0,
Flowserve,,2.0,
Fluid Controls and Components,,2.0,
Fluor,,7.0,1.0
Fluor Corporation,1.0,9.0,1.0
"Fluor–BWXT Portsmouth, LLC",,1.0,
Focused Energy,,1.0,
Ford,,1.0,
Forth,,5.0,
Forth Engineering,,1.0,
Fortis,,1.0,
Fortum,11.0,33.0,3.0
Fortum Power & Heat Oy,,1.0,1.0
Fortum Uniper Nuclear Services (FUNS),,1.0,
Foster + Partners,,1.0,
Fostering ALfred CONstruction (FALCON),,1.0,
Framatome,6.0,141.0,7.0
Framatome GmbH,,1.0,
Framatome SAS - Siemens AG,,2.0,
Framatome US Government Solutions,,1.0,
Framatome-Siemens consortium,,1.0,
France,,6.0,
France's Orano,1.0,,
France-China Chamber of Commerce and Industry,,1.0,
France’s EDF,,1.0,
France’s Framatome,,1.0,
Frazer Nash,,1.0,
Frazer-Nash Consultancy Ltd,,2.0,
French,,1.0,1.0
French Alternative Energies and Atomic Energy Commission,1.0,2.0,
French Nuclear Safety Authority,,1.0,
French company,,3.0,
Fucina Italia,2.0,,
Fuego Red,,1.0,
Fuel Cell Energy,,1.0,
FuelCell Energy,,2.0,1.0
Full Matrix Ltd,,1.0,
Full-Life Technologies,,1.0,
Full-Life Technology Europe,,1.0,
Furukawa Electric Co,,1.0,
Fusion for Energy,,4.0,
GA,,1.0,
GA Electromagnetic Systems,,1.0,
GA-EMS,,1.0,
GAP,,1.0,
GBN,,8.0,
GE,,21.0,5.0
GE Hitachi with GNF,,1.0,
GE Hungary Kft,,2.0,
GE Oil & Gas Marine & Industrial UK Ltd,,1.0,
GE Research,,2.0,
GE Steam Power,,6.0,
GE Vernova,1.0,6.0,
GE Vernova's Nuclear business,,1.0,
GE Vernova’s Global Nuclear Fuel (GNF),,1.0,
GE-H,,,1.0
GE-Hitachi,25.0,117.0,13.0
GE-Hitachi Nuclear Energy,23.0,48.0,5.0
GE-Hitachi Nuclear Energy International,,6.0,
GE-led joint venture Global Nuclear Fuel-Americas (GNF-A),,,1.0
GEAST UK Ltd,,1.0,
GEN energija,,4.0,
GERB Vibration Control Systems,1.0,1.0,
GFP,,1.0,
GIC,,1.0,
GK Neolant,,1.0,
GLE,1.0,3.0,
GMB,,1.0,
GMET,,1.0,
GNF,,2.0,
GNF-A,,1.0,
GNS,,3.0,
GNS Gesellschaft für Nuklear-Service mbH,,4.0,
GS E&C,,2.0,
GS Energy,,4.0,1.0
GS Energy Corporation,,1.0,1.0
GS Engineering & Construction (GS E&C),,1.0,
GSE Solutions,1.0,2.0,
GSPI: ,,4.0,
GScan,,1.0,
Gazprombank,,2.0,
Geely Technology Group,,2.0,
Gencoa Ltd,,1.0,
General Atomics,,25.0,2.0
General Electric,1.0,9.0,3.0
General Electric Company,,2.0,
General Electric Global Research,,3.0,
General Electric Hitachi,,1.0,
General Electric Holding (GEH),,1.0,
General Electric Steam Power,,,1.0
General Fusion,,11.0,
Generalnej Dyrekcji Ochrony Srodowiska,,1.0,
Geological Disposal Facility,,1.0,
Geological Repositories for Norway (GeoReN),,1.0,
Geological Survey of Finland,,1.0,
Georgia Power,3.0,24.0,4.0
Geosonda,,1.0,
German company,,1.0,
Gesellschaft für Anlagen- und Reaktorsicherheit gGmbH (GRS),,1.0,
Getka,,1.0,
Ghana Atomic Energy Commission,,8.0,
Ghana News Agency,,1.0,
Gidropress,1.0,4.0,
Gilmartin Engineering Works,,1.0,
Giredmet JSC,,1.0,
Gleeds,,1.0,
Global 2000,,1.0,
Global First Power,,2.0,
Global Laser Enrichment,,6.0,
Global Morpho Pharma,,2.0,
Global Nuclear Fuel,,1.0,
Global Nuclear Fuel-Americas (GNF-A),,2.0,
Global Power Synergy Public Company Limited (GPSC),,2.0,
Goldman Sachs,,1.0,
Goodwin International,,1.0,
Google-X,,3.0,
GosComGeology,,1.0,
Government of Canada’s Alberta province,1.0,,
Graham Construction,,1.0,
Granitor Growth Management,,1.0,
Grant County Public Utility District,,1.0,
Graphitech,,2.0,
Great British Energy,1.0,1.0,
Great British Nuclear,6.0,27.0,2.0
Green Energy Partners,,2.0,
Greenpeace Energy,,1.0,
Gresham House Secure Income Renewable Energy & Storage LP (SIRES),,1.0,
Grouped Entrepreneurs International SA,,1.0,
Groupement des Industriels Français de l'Energie Nucléaire (Gifen),,,1.0
Grupa Azoty,,1.0,
Grupa Azoty Police,,1.0,
Grupa Azoty Zakłady Chemiczne Police (GAP),,1.0,
Grupa Powen-Wafapomop,,1.0,
Gruppo Aturia,,1.0,
Guangdong Energy Group,,1.0,
Guangxi Fangchenggang Nuclear Power Co,,2.0,
Guangxi Investment Group,,3.0,
Guizhou Aerospace Xinli Technology,,1.0,
H Line Shipping,,,1.0
HAEA,,1.0,
HAEK CJSC,,1.0,
HALEU Energy Fuel,,2.0,
HCVC,,1.0,
HD Hyundai,,7.0,
HD KSOE,,3.0,
HD Korea Shipbuilding & Marine Engineering,,4.0,
HDEC,,1.0,1.0
HEC,,1.0,
HEP,,1.0,
HG,,1.0,
HOBEG,,1.0,
HTGF,,1.0,
HZB,,1.0,
Habboush Group,,1.0,
Hainan Nuclear Energy Company,1.0,,
Hainan Nuclear Power Company,,5.0,
Halden Kjernekraft AS,2.0,2.0,
Halla EB Technology,,1.0,
"Hanford Tank Waste Operations & Closure, LLC",,1.0,
Hanki,,1.0,
Hanson,,4.0,1.0
Hanson UK,,3.0,
Hanwha E&C,,1.0,
Hanwon Central Research Institute,,1.0,
Hatch,1.0,9.0,
Hatch Ltd,,3.0,
Hathor Exploration,,1.0,
Haykakan Atomayin Elektrakayan,,1.0,
Hayward Tyler,,2.0,
Health & Safety Executive (HSE),,1.0,
Health Canada,,1.0,
Heathrow,,1.0,
Heidelberg Materials,,1.0,1.0
Helen,1.0,7.0,1.0
Helical Fusion,,3.0,
Helion,,4.0,
Helion Energy,,1.0,
Helmholtz Zentrum Berlin (HZB),,1.0,
Herbert Engineering Corp (HEC),,1.0,
Herrenknecht AG,,1.0,
Hexana,,1.0,
High Voltage Engineering Europa,,1.0,
High-Tech Gründerfonds,,2.0,
Himmash JSC,,1.0,
Hinkley,,,1.0
Hinkley point c,,1.0,
Hitachi,5.0,12.0,3.0
Hitachi Vantara,,,1.0
Hitachi Zosen,,1.0,
Hitachi Zosen Co Ltd,,1.0,
Hokkaido,,1.0,
Hokuriku Electric Power,,2.0,
Holtec,6.0,117.0,8.0
Holtec Britain,6.0,15.0,1.0
Holtec Britain Limited,,3.0,
Holtec Decommissioning International,,1.0,
Holtec Maintenance & Modification International (HMI),,1.0,
Honeywell,,1.0,
Hoosier Energy,,3.0,
Horizon,,1.0,
Horizon Nuclear Power,,3.0,1.0
Houlder,,1.0,
House of Ventures,,1.0,
Howden,,3.0,1.0
Hrvatska elektroprivreda (HEP),,1.0,
Hualong,,3.0,
Hualong One,,2.0,
Huaneng,,1.0,
Huaneng Company,,1.0,
Hugh Simpson Contractors,,1.0,
Huisman,,1.0,
Hungarian Atomic Energy Authority,4.0,2.0,1.0
Hunton Andrews Kurth LLP,,1.0,
Hyde Group,,1.0,
Hydro One,1.0,,
Hydromine Nuclear Energy,2.0,,
Hynamics,,2.0,
Hynion,,1.0,
Hyundai E&C,,9.0,
Hyundai Engineering,1.0,7.0,
Hyundai Engineering & Construction,2.0,14.0,
Hyundai Engineering & Construction Co Ltd (Hyundai E&C),,,1.0
Hyundai Heavy Industries,,1.0,
Hyundai Merchant Marine,,,1.0
Höfer & Bechtel,,1.0,
IAEA,,21.0,5.0
IAEA Department of Nuclear Safety and Security,,1.0,
IBA,,2.0,
IBNI,,1.0,
IBRAE RAS,,2.0,
IC Içtas,1.0,7.0,
IC Içtaş Inşaat Sanayi Ve Ticaret,,1.0,
IDOM,,8.0,
IDOM UK Nuclear Services,,1.0,
IEEFA,,,1.0
IESO,,1.0,
IGCAR,,1.0,
IHI Corp.,,1.0,
IHI Corporation,1.0,6.0,
IHS Markit,,,1.0
ILF,,1.0,
IMI Critical Engineering,,1.0,
INA,,1.0,
INB,,6.0,
INCOTEC,,1.0,
INET-CNNC,,1.0,
INP,,2.0,
INTERA Incorporated,,1.0,
INUKI,,1.0,
INVAP,,11.0,
IP3 Corporation,,2.0,
IPP,,1.0,
IRE,,6.0,
IRE ELiT,,1.0,
IRID,,1.0,
IRSN,,4.0,
ISAMZ,,1.0,
ISEC Monitoring Systems,,1.0,
ISIN,,1.0,
ISL,,1.0,
IST,,2.0,
ITER,,5.0,
ITER Organisation,,3.0,
ITM,,4.0,
ITM Isotope Technologies Munich,,5.0,
Iberdrola,,2.0,
Iceberg Research,,,1.0
Idaho Environmental Coalition (IEC),,1.0,
Idaho INL,,1.0,
Idaho National Laboratory,,19.0,
Idaho National Laboratory (INL),2.0,15.0,
Idaho State University,,1.0,
Ignalina NPP,,1.0,
Ignalina Nuclear Power Plant,,2.0,
Imabari Shipbuilding,,1.0,
Impact Innovations,,1.0,
Imperial College London,,1.0,1.0
Impuls Zeeland,,1.0,
Independent Nuclear Assurance (INA),,1.0,
Indonesia Power,,3.0,
Industria,,8.0,1.0
Industrial Development Agency JSC (IDA),,1.0,
Industrial Parts,,1.0,
Industrial and Commercial Bank of China Ltd,,1.0,
Industrias Metalúrgicas Pescarmona SA (IMPSA),,1.0,
Indústrias Nucleares do Brasil (INB),,3.0,
Ingérop,1.0,2.0,
InnoEnergy,,2.0,
Innovate UK Business Connect,,1.0,
Innovation Fund,,1.0,
Inria,,1.0,
Institut de Radioprotection et de Sûreté Nucléaire (IRSN),,1.0,
Institute for Energy Technology (IFE),,1.0,
Institute of Energy and Nuclear Research (IPEN),,1.0,
Institute of Nuclear and New Energy Technologies of Tsinghua University,,1.0,
"Institute of Plasma Physics, Chinese Academy of Sciences ASIPP",,1.0,
Instituto de Pesquisas Energéticas e Nucleares (Institute for Energy & Nuclear Research – IPEN),,1.0,
Intel,,2.0,
Interboring,,1.0,
Interim Storage Partners LLC,,1.0,
International Atomic Energy Agency,,6.0,
International Bank for Nuclear Infrastructure (IBNI),,1.0,
International Container Terminal Services (ICTSCI),,1.0,
International Nuclear Services,,1.0,
International Research Institute for Nuclear Decommissioning,,1.0,
Internexco GmbH,,1.0,
Interpath Advisory,,2.0,
Intuitive Machines,,1.0,
Invap SE,,,1.0
Invesco,,1.0,
Invest-NL,,1.0,
Iota Technology Ltd,,1.0,
Isogen,,5.0,
Ispe,,1.0,
Italian Space Agency,,1.0,
Itochu,,1.0,
Ivo,,1.0,2.0
Izhora,,1.0,
JAEA,,14.0,1.0
JAFCO Group,,1.0,
JAVYS,1.0,4.0,
JCB,,1.0,
JCO,,1.0,
JESS,,1.0,
JGC Corp.,,1.0,
JGC Corporation,1.0,5.0,
JGC Engineering,,1.0,
JGC Holdings,,1.0,
JGC Mirai Innovation Fund/General Partner Global Brain Corporation,,1.0,
JGC Mirai Innovation Fund/JGC Japan Corporation,,1.0,
JIC Venture Growth Investments,,2.0,
JIMMY,,,1.0
JNFL,,2.0,
JRC Ispra,,1.0,
JSC ASE JSC (Rosatom’s Engineering Division),1.0,,
JSC Atomstroyexport (ASE),1.0,1.0,
JSC Baltiysky Zavod,,1.0,
JSC Diacon,,1.0,
JSC Energy Special Installation (ESI),1.0,,
JSC GSPI,,2.0,
JSC ITC JET,1.0,,
JSC Luch,,1.0,
JSC MSU-90,,1.0,
JSC NFC Logistics Centre,,1.0,
JSC NPO TsNIITMASH,,2.0,
JSC Orgenergostroy Institute,,4.0,
JSC RaoProekt,,2.0,
JSC TSPT,,3.0,
JSC TsKBM,,1.0,
JSC Tyazhmash,2.0,2.0,
JSC VNIIAES,,1.0,
JSC VO Safety,,2.0,
JSC “Science and Innovations” (management company of ‘Rosatom’s R&D division),,1.0,
Jacobs,6.0,24.0,1.0
Jacobs Naarea,,1.0,
Jacobs Slovakia,,1.0,
Jacobs UK,1.0,1.0,
Jadrová Energetická Spolocnost Slovenska,,1.0,
James Fisher Nuclear,,1.0,
Janggeum Merchant Marine,,,1.0
Japan,,2.0,
Japan Atomic Energy Agency (JAEA),,11.0,
Japan Atomic Industrial Forum,,2.0,1.0
Japan Atomic Power Co,,2.0,
Japan Bank for International Cooperation,,1.0,
Japan Co-Invest IV Limited Partnership/Sumitomo Mitsui Trust Investment Co,,1.0,
Japan Nuclear Fuel,,1.0,
Japan Nuclear Fuel Conversion Company,,1.0,
Japan Nuclear Fuel Ltd (JNFL),,1.0,
Japan's National Institutes for Quantum Science & Technology (QST),,1.0,
Jiangsu Guoxin Group,1.0,6.0,
Jiangsu Nuclear Power Corporation,,5.0,
John Gunn & Sons,,1.0,
John Hopkins,,1.0,
Joint Design Institute - Atomenergoproekt JSC,,1.0,
Joint Research Centre,,3.0,
Joint Research Centre-European Commission,,2.0,
K-Sure,1.0,1.0,
K4 Ventures GK (Kansai Electric Power Group),,1.0,
KAERI,1.0,7.0,
KBR,,1.0,
KEPCO E&C,,11.0,
KEPCO NF,,1.0,
KERI,,1.0,
KF,,3.0,
KGHM,1.0,9.0,
KGHM Polska Miedz,4.0,12.0,
KIMM,,1.0,
KINGS,,1.0,
KKM,,2.0,
KMC JSC,,1.0,
KNA,,1.0,
KPMG,,1.0,1.0
KPPN (Courtesy KNPP),,1.0,
KSB Ltd,,1.0,
KSOE,,2.0,
KWU,,2.0,
KZNPP-NM,,1.0,
Kairos,2.0,27.0,
Kamilla,,1.0,
Kansai,,1.0,
Kansai Electric,,3.0,1.0
Kansai Electric Power Co,,17.0,
Karlsruhe Institute of Technology,,1.0,
Karpov Institute,,1.0,
Kazakhstan Nuclear Power Plants,,1.0,
Kazatomprom,,16.0,3.0
Kepco,3.0,18.0,1.0
Kepco Engineering & Construction,1.0,5.0,
Kepco International Nuclear Graduate School,,1.0,
Kepco KPS,,4.0,
Kepco Nuclear Fuel,,5.0,
Kepco Technology,,1.0,
Kepco fuel,,1.0,
KernD,,1.0,
Kernkraftwerk Gösgen-Däniken AG,,1.0,
Kernkraftwerk Leibstadt AG,,1.0,
Kerry,1.0,,
Kersten,,1.0,
Kexim,1.0,4.0,
Kia,,1.0,
Kier Group,,,1.0
Kind Atom Oy,,2.0,
Kinectrics Inc,1.0,13.0,
Kinetrics,,1.0,
Korad,,1.0,
Korea,,2.0,
Korea Atomic Energy,,,1.0
Korea Atomic Energy Environment Corporation,,1.0,
Korea Atomic Energy Research Institute,,7.0,
Korea Electric Power,,2.0,
Korea Electric Power Company (Kepco),2.0,8.0,1.0
Korea Electric Power Corporation,1.0,3.0,1.0
Korea Engineering Company,,1.0,
Korea Gas Corp (KOGAS),,1.0,
Korea Hydro & Nuclear Power,10.0,56.0,3.0
Korea Institute of Fusion Energy (KFE),,2.0,
Korea National Oil Corp (KNOC),,1.0,
Korea hydro and Nuclear Power (KHNP),5.0,55.0,3.0
Korean Domestic Agency,,1.0,
Korean Hydro and Nuclear Power Corporation (KHNP),,1.0,
Korean company,,1.0,
Kostrzyn-Słubicka Special Economic Zone SA (KSSSE),,2.0,
Koya Capital,,1.0,
Kozloduy NPP,,1.0,
Kozloduy NPP-Newbuild,1.0,2.0,
Kozloduy NPP-Novemostnosti,,1.0,
Kranostroene Engineering,,1.0,
Kudankulam NPP,,1.0,
Kumho E&C,,1.0,
Kuopio Energy,,3.0,
Kurchatov Institute,,1.0,
Kursk NPP,,2.0,
Kyoto Fusioneering,1.0,10.0,
Kyushu,,1.0,
Kyushu Electric Power Co,,4.0,1.0
Kärnfull Future AB,,1.0,
Kärnfull Next,1.0,11.0,
L&H Industrial,,2.0,
L3 MAPPS,,1.0,
LANL,,2.0,
LDR,,1.0,
LDR-50,,1.0,
LEP,,2.0,
LFR,1.0,,
LIS,,1.0,
LISCR,,2.0,
LLWR,,1.0,
LSE,1.0,,
LSEZ,,1.0,
Labour,,1.0,
Laing O'Rourke,5.0,1.0,
Langfields Ltd,,1.0,
Last Energy,,17.0,
Laurentis,1.0,2.0,
Laurentis Energy Partners,,10.0,
Lawrence Livermore National Laboratory,,2.0,
Leadcold,,5.0,
Leadcold Reactors,1.0,,
Legal & General,,1.0,
Leibniz-Institut für Angewandte Geophysik,,1.0,
Leibniz-Institut für Photonische Technologien,,1.0,
Leidos,,1.0,
Les Equipes du Made in France,,1.0,
Liaoning Hongyanhe Nuclear Power Company,,2.0,
Liaoning Nuclear Power Co Ltd,,3.0,
Liberty Energy,,2.0,
Libri Publishing Ltd.,,1.0,
Liebherr,,5.0,
Lifeline Ventures,,1.0,
Lightbridge,,8.0,3.0
Lightbridge Corporation,1.0,10.0,
Lilac Solutions,,1.0,
Limac Company,,1.0,
Lincoln Electric,,1.0,
Linde,,2.0,
Lloyd Resister,,3.0,
Lockheed Martin Corporation,,1.0,
Lockheed Martin Space,,4.0,
Longenecker & Associates,,1.0,
Longview,,1.0,
Longview Fusion Energy Systems,,1.0,
Los Alamos,,1.0,
Los Alamos National Labs,,6.0,
Los Alamos Technical Associates,,1.0,
Lotte Chemical Corp,,1.0,
Louisiana Energy Services,,1.0,1.0
Loviisa,,,1.0
Low Level Waste Repository,,1.0,
Low Level Waste Repository Limited (LLWR),,1.0,
Luch Scientific Production Association,,1.0,
Lucideon,,2.0,
Lumitron Technologies,,1.0,
M Vestt,,1.0,1.0
M5tec,,1.0,
MCC,,6.0,
MEAG Power,1.0,1.0,
MEPhI,,1.0,
MFBR,,1.0,
MHI,,10.0,
MIDAR,,1.0,
MIT,,4.0,1.0
MIT Energy Initiative,,1.0,
MNf,,1.0,
MOL DryBulk,,1.0,
MSATO,,1.0,
MSU No 5,,1.0,
MSU-90,,1.0,
MSZ,,1.0,
MTG-Dolphin,,1.0,
MUFG Bank Ltd,,1.0,
MVM Paks NPP,,1.0,
MVM Paksi Atomerömű Zrt,,1.0,
Machine Discovery,,1.0,
Macro Securities,1.0,,
Magnox,,8.0,
Magnox / Nuclear Restoration Services,,4.0,
Magnox Ltd,,6.0,
Maire Tecnimont,1.0,,
Malin Group,,1.0,
Mallinckrodt Chemical Co,,1.0,
Mallinckrodt Medical,,1.0,
Mammoet,,7.0,
Manchester Centre for Robotics and AI,,1.0,
Mangiarotti,,1.0,
Manila Electric Co (Meralco),,1.0,
Marine Engineering Bureau Malakhit,,1.0,
Martingale,,2.0,
Marubeni Utility Services,,1.0,
Marvel,,1.0,1.0
Marvel Fusion,,3.0,
Mashinostroitelny Zavod,,5.0,
Massachusetts Institute of Technology,,2.0,
Massachusetts Institute of Technology’s Plasma Science & Fusion Center (MIT PSFC),,1.0,
Materion Corporation,,4.0,
Matricial,,1.0,
Max Planck Foundation,,1.0,
Max Planck Institute for Plasma Physics (IPP),,3.0,
Mayak,,3.0,
Mayak Production Association,,1.0,
McMahon Communications,,1.0,
Meralco,,3.0,
Metatomic,,1.0,
Meti,,1.0,
Metroscope,,2.0,
Metrosol,,1.0,
Micromet AD,,1.0,
Microsoft,,10.0,1.0
Microsoft Canada,,1.0,
Mid-America Conversion Services,,1.0,
Middle Estates,,1.0,
Milan Vidmar Electrical Institute (EMV – Elektroinštitut Milan Vidmar),,1.0,
Millwright Regional Council of Ontario’s (MRCO),,1.0,
MinSredMash,,1.0,
Mineral Products Association,,1.0,
Mining & Chemical Combine (MCC - part of Rosatom),,1.0,
Mining & Chemical Combine (MCC),,1.0,
Ministry for the Development of the Russian Far East,,1.0,
"Ministry of Economy, Trade & Industry (METI)",,1.0,
Missouri University of Science & Technology,,1.0,
Mitsubishi,,2.0,
Mitsubishi Electric,,5.0,
Mitsubishi Electric Corporation,,3.0,
Mitsubishi FBR Systems (MFBR),,2.0,
Mitsubishi Heavy Industries (MHI),,19.0,
Mitsubishi Materials Corporation (MMC),,1.0,
Mitsubishi Nuclear Fuel Co (MNF),,2.0,
Mitsubishi UFJ Capital Co,,1.0,
Mitsui & Co,,1.0,
Mitta Oy,,1.0,
Mo Industripark,,2.0,
Mol Plus Co,,1.0,
Moltex,6.0,41.0,5.0
MonAtom,,1.0,
Monta Materials Handling,,1.0,
Monteiro,,1.0,
Morgan Sindall,,1.0,
Morson,,2.0,
Mostostal Kielce,,1.0,
Mostostal Krakow,,1.0,
Mostostal Puławy,,1.0,
Motie,,1.0,
Mott MacDonald,2.0,7.0,
Mubadala,,1.0,
Multiconsult Norge AS,,1.0,
Municipal Electric Authority of Georgia (MEAG),,10.0,1.0
Munro & Associates,,2.0,
Murphy Group,,1.0,
Mustang,,1.0,
N-Visage UK,,1.0,
NA Dollezhal Scientific Research & Design Institute of Power Engineering (Nikiet),,5.0,
NA-SA,,8.0,
NAC,,5.0,
NAC International,1.0,7.0,
NAC Kazatomprom JSC,,3.0,
NANO,,5.0,
"NANO Nuclear Energy, INC.",,3.0,
NAP,,2.0,
NAVSEA,,1.0,
NB Power,1.0,11.0,1.0
NCBJ,,2.0,
NCNR,,1.0,
NDA,,9.0,1.0
NDK (Turkish Nuclear Regulatory Agency),,1.0,
NECR,,1.0,
NEI,,2.0,
NEK,,1.0,
NEMO,,1.0,
NFS,,1.0,
NFT,,1.0,
NFT Inc,,1.0,
NG Bailey,,1.0,
NGSI,,1.0,
NII NPO ‘LUCH’,,1.0,
NIIAR,,3.0,
NIIEF,,3.0,
NIIEFA JSC,,1.0,
NIIPT,,1.0,
NIKIET,1.0,8.0,
NIKIET JSC,1.0,3.0,
NIS Ltd,,1.0,
NNB,,3.0,
NNB Generation Company (Sizewell C) Limited,,2.0,
"NNB Generation Company (Sizewell C) Limited (NNB), Office for Nuclear Regulation (ONR)",,1.0,
NNB Generation Company HPC Ltd,,7.0,
NNB Holding Company (SZC) Ltd,,2.0,
NNB Nuclear Generation (SZC) Limited,,1.0,
NNC,,2.0,
NND,,1.0,
NNEGC Energoatom,,1.0,
NNL,,9.0,
NNSA,,3.0,
NO RAO Zheleznogorsk branch,,1.0,
NPCIL,1.0,6.0,
NPM,,1.0,
NPP,1.0,,
NPP Doza,,1.0,
NPPA,1.0,3.0,
NPPD,,1.0,
NRA,,2.0,
NRA (Japan),,1.0,
NRC,,10.0,
NRCan,,1.0,
NRG,,18.0,
NRG I PALLAS,,7.0,
NSERC,,1.0,
NTP Radioisotopes,,1.0,
NTS,,4.0,
NUKEM,,5.0,
NUVIA,,3.0,
NWEC Alliance,,1.0,
NWMO,,4.0,1.0
NWS,,1.0,
NYSERDA,,1.0,
Naarea,2.0,11.0,1.0
Nación Bursátil,1.0,,
Nadia Calviño,1.0,,
Nagra,,5.0,
Nagra BEVA AG,,1.0,
Nagra gTL AG,,1.0,
Nantong CIMC Energy Equipment Co Ltd,,1.0,
Nantong Energy,,1.0,
Nasa,,8.0,1.0
NatWest,,1.0,
National Centre for Nuclear Research (NCBJ),,2.0,
"National Centre for Nuclear Research (NCBJ), Japanese Atomic Energy Agency (JAEA)",,1.0,
National Grid,,4.0,
National Ignition Facility,,1.0,
National Institute for Fusion Science (NIFS),,1.0,
National Nuclear Laboratory,9.0,15.0,1.0
National Nuclear Regulator (NNR),,1.0,
National Nuclear Security Administration,,2.0,
National Physical Laboratory,,1.0,
National Radiation Protection Institute,,1.0,
National Research Centre Kurchatov Institute,,2.0,
National Research Universal,,1.0,
National Research and Innovation Agency of Indonesia,,2.0,
National Technical Systems,1.0,,
National Thermal Power Corporation (NTPC),,1.0,
Natrium,,2.0,
Natsiunalnata Elektricheska Kompania,,1.0,
Natura Resources,,4.0,
Natural Resources Wales,1.0,1.0,
Naturgy,,1.0,
Naval Group,2.0,5.0,
Navarro,1.0,,
Navoiuranium,,1.0,
Nawah,,3.0,
Nawah Energy Company,,5.0,2.0
Nebraska Public Power District (NPPD),,2.0,
Necsa,,3.0,
Nel Hydrogen,,1.0,
Nest,,1.0,
Netcity,,1.0,
New Brunswick Power,1.0,3.0,
New Mexico Department of Transportation,,1.0,
New Mexico Environment,,1.0,
New Monark,,1.0,
NexGen Energy,,3.0,
Nexgen,,1.0,
NextChem Tech,2.0,1.0,
Ningde Second Nuclear Power Co Ltd,,1.0,
Niowave,,1.0,
Nippon Export and Investment Insurance,,1.0,
Nippon Nuclear Fuel Development Co Ltd.,,1.0,
Nissan,,1.0,
Nizhny Tagil Metal Structures Plant,,1.0,
Nordion,,2.0,
Nordion (Canada) Inc.,,1.0,
Norilsk Nickel,1.0,2.0,
Norrsken Launcher,,1.0,
Norsk Kjernekraft,3.0,23.0,1.0
NorthStar,,2.0,1.0
NorthStar Group Services,,3.0,
NorthStar Medical Radioisotopes,,2.0,
Northern Powerhouse Partnership,,1.0,
Northrop Grumman,,1.0,
Norwegian Nuclear Decommissioning (NND),,2.0,
Norwegian Water & Energy Directorate (NVE),,1.0,
Nova Power & Gas,1.0,11.0,
NovaWind,,1.0,
Novatome,,1.0,
Novatron Fusion,,2.0,
Novosibirsk Chemical Concentrates Plant,,3.0,
Novosibirsk Design & Technological Branch of the MA Lavrentiev Institute of Hydrodynamics at the Siberian Branch of the Russian Academy of Sciences,,1.0,
NuCycle,,1.0,
NuPEA,,1.0,
NuScale,36.0,228.0,34.0
NuScale Power Corporation,1.0,9.0,1.0
NuScale Power Module,,1.0,
Nuclear AMRC,1.0,1.0,1.0
Nuclear Advanced Manufacturing Research Centre (NAMRC),2.0,,1.0
Nuclear Alternative Project (NAP),,1.0,
Nuclear Decommissioning Authority (NDA),,13.0,
Nuclear Decommissioning Authority’s (NDA’s) Integrated Waste Management Programme,,1.0,
Nuclear Energy Institute,,9.0,1.0
Nuclear Fuel Services (NFS),,4.0,
Nuclear Fuel Services facility,,1.0,
Nuclear Industries of Brazil (Indústrias Nucleares do Brasil – INB),,1.0,
Nuclear Industry Association,2.0,7.0,2.0
Nuclear New Build,,1.0,
Nuclear New Build Generation (SZC) Ltd,,1.0,
Nuclear Power Corporation of India Ltd,,17.0,1.0
Nuclear Power Ghana,,6.0,
Nuclear Power Institute of China,,2.0,
Nuclear Power Operations Research Institute,,1.0,
Nuclear Power Plant Company Bangladesh Limited,,1.0,
Nuclear Power Production and Development Company of Iran,,1.0,
Nuclear Power Research & Design Institute of China,,3.0,
Nuclear Promise X (NPX),,1.0,
Nuclear Regulation Authority,,5.0,
Nuclear Regulatory Authority of Slovakia,1.0,,
Nuclear Research Group (NRG),,1.0,
Nuclear Site Licence,,1.0,
Nuclear Skills Strategy Group,,1.0,
Nuclear Technology Germany (KernD),,,1.0
Nuclear Transport Solutions,,7.0,
Nuclear Waste Management Organisation of Japan,,2.0,
Nuclear Waste Partnership,,1.0,
Nuclear Waste Services,,14.0,1.0
Nuclear Waste Services (NWS - part of NDA),,,1.0
Nuclearelectrica,4.0,36.0,
Nuclearelectrica Romania,,1.0,
Nucleation Capital,,1.0,
Nucleco,,1.0,
Nuclenor,,2.0,
Nucleoelectrica,,1.0,1.0
Nucleoelectrica Argentina,1.0,13.0,
Nuclep,,1.0,
Nucor,,2.0,
Nuklearna Elektrarna Krško,,1.0,
Numech,,1.0,
Nuueen,,1.0,
Nuward,2.0,12.0,
OBR Construction,,1.0,
OC Robotics,,1.0,
OCNI,,1.0,
OECD-Nuclear Energy Agency,,3.0,
OEM,,,1.0
OKBM,,1.0,
OKBM Africantov,,10.0,
OKG,1.0,3.0,
OKLO (VOYGR packs),,1.0,
OMERS,,2.0,1.0
OMZ,,1.0,
OMZ Public Joint-Stock Company,,1.0,
ONDRAF,,1.0,
ONDRAF/NIRAS,,1.0,1.0
ONR,,8.0,
OREM,,2.0,
ORNL,,17.0,
OSCE,,1.0,
OSGE,1.0,9.0,
OSI,,1.0,
Oak Ridge Technologies,,1.0,
Oakridge,,2.0,
Office for Nuclear Regulation,2.0,7.0,1.0
Office of Nuclear Energy,,2.0,1.0
Ofgem,,1.0,
Oglethorpe Power Corp,2.0,11.0,2.0
Oklo,8.0,26.0,2.0
Oklo Inc,,1.0,
Omaha Public Power District,,1.0,
Omexom,,1.0,
Omexom and Taylor Woodrow JV (OTW),,1.0,
Omniflex,,1.0,
OneAIM,,1.0,
Onet Technologies,1.0,5.0,
Onomichi Dockyard,,1.0,
Ontario Power Generation,22.0,91.0,6.0
Ontario Tech (OTU),,1.0,
Ontario’s Independent Electricity System Operator (IESO),,1.0,
Optima,,1.0,
Orano,3.0,65.0,1.0
Orano Decommissioning Services,,1.0,
Orano Group,,1.0,
Orano Med,,5.0,
Orano NCS,,3.0,
Orano Projets,,1.0,
Orano TN Americas,,1.0,
Orano USA,,5.0,
Organisation of Canadian Nuclear Industries (OCNI),,1.0,
Orgenergostroy,,2.0,
Orlen,,4.0,
Orlen Sythnos Green Energy,11.0,27.0,2.0
Otium Capital,,1.0,
Outokumpu,2.0,,2.0
Oxford Sigma,,1.0,
Oxford Space Systems Ltd,,1.0,
PA Consulting,,1.0,
PAA,,1.0,
PAKS,,1.0,2.0
PAKSI ATOM,,1.0,
PALLAS Reactor Preparation Foundation (PALLAS),,1.0,
PATEC,,1.0,
PCL Nuclear Management Inc,,2.0,
PDENH,,1.0,
PEJ,1.0,5.0,1.0
PG&E,,1.0,
PGE,,7.0,1.0
PGE EJ1,,,1.0
PGE PAK Energia Nuclear,,1.0,
PGE Pak Energia Jadrowa,,2.0,
PK Valve,,1.0,
PKN Orlen,8.0,10.0,1.0
PLEF,,1.0,
PLN,,3.0,
PNPI,,1.0,
PNTL,,1.0,
PODEMCRANE AD,,1.0,
PSC,,1.0,
PSEG,,1.0,
PSEG Nuclear,,2.0,
PT Batan Teknologi,,1.0,
PT Industry Nuklir Indonesia (INUKI),,1.0,
PT PAL Indonesia,,2.0,
PT PLN,,1.0,
PT PLN (Persero),,1.0,
PT Pertamina,,2.0,
PT Pertamina Power Indonesia,,1.0,
PT ThorCon Power Indonesia,,1.0,
PTT,,2.0,
PTT Group,,2.0,
PWRs,,1.0,
PZUW – Polski Zakład Ubezpieczeń Wzajemnych,,1.0,
PacifiCorp,1.0,9.0,1.0
Pacific Gas & Electric,,,1.0
Pacific Gas and Electric Company (PG&E),,6.0,
Pacific Northwest Division,,1.0,
Pacific Northwest National Laboratory (PNNL),,2.0,
Pacific Nuclear Transport Ltd.,,2.0,
Pajarito Scientific Corporation (PSC),,1.0,
Pakistan Atomic Energy Commission (PAEC),,1.0,
Paks II Ltd,,2.0,
Paks NPP,,2.0,1.0
Paksi atomerőmű – Paks II Ltd,,1.0,
Pallas,,3.0,
Pallas-Reactor,,1.0,
PanTera,,2.0,
Paragon,,2.0,
Paragon Energy Solutions,1.0,4.0,1.0
Parkwalk Advisors,,1.0,
Peninsula Energy,,1.0,
Peregrine Turbine Technologies (PTT),,2.0,
Perez Companc Group,,1.0,
Pertamina New & Renewable Energy,,1.0,
Petrozavodskmash,,2.0,
Petrozavodskmash plant of AEM-Technologies,,2.0,
Philippines largest power utility,,1.0,
Phoenix Group,,1.0,
Pinsent Masons,,1.0,
Planetary Science Institute,,2.0,
Plasma Research Centre,,1.0,
Platom Oy,,1.0,
Plug Power Siemens,,1.0,
Plural,,1.0,
Plural Platform,,1.0,
Pohjolan Voima,,1.0,
Poland's OSGE,1.0,,
Polimex,,1.0,
Polimex Mostostal Siedlce,,2.0,
Polish,,,1.0
Polish Construction Association,,1.0,
Polska Grupa Energetyczna,1.0,1.0,
Polskie Elektrownie Jadrowe (PEJ),4.0,11.0,1.0
Pompes Rütschi SAS,2.0,1.0,
Portland Holdings Investco,,1.0,
Portsmouth Water,,1.0,
Posco E&C,,3.0,
Positron Ventures,,1.0,
Posiva,1.0,8.0,1.0
Posiva Oy,,5.0,
Posiva Solutions Oy,,2.0,
Potomac Communications Group,,1.0,
Poundfield Precast,,1.0,
Power & Heat Oy,,1.0,
Power Metal Resources,,1.0,
Presight Capital,,1.0,
PreussenElektra,,9.0,
PricewaterhouseCoopers LLC (PwC),,1.0,
Prime Infra,,1.0,
Prime Infrastructure Capital,,1.0,
Prime Movers Lab,,1.0,
Princeton Satellite Systems,,1.0,
Princeton University,,1.0,
Private Fuel Storage,,1.0,
Prochem,,1.0,
Prodigy,,4.0,
Prodigy Clean Energy,,8.0,
Progress,,1.0,
Project Phoenix,1.0,,
Prolog,,1.0,
Prolog LLC,,1.0,
Promcomplect-B,,1.0,
Prometey Construction,,1.0,
Proryv project,,1.0,
Proxima Fusion,,3.0,
Puget Sound Energy,,,1.0
Pukyong National University,,1.0,
Pulsar Fusion,,2.0,
Pupuk Kaltim,,1.0,
PwC,,2.0,
QSA Global,,2.0,
QST,,2.0,
Qatar's wealth fund,1.0,,
Qinshan plant general manager Shang Xianhe,,1.0,
Qnergy,,2.0,
Quality Plus Services,,1.0,
RAFA,,1.0,
RAOS JSC,,4.0,
RASU,,1.0,
RATEN-ICN,,3.0,
RED,,1.0,
RENEA,,1.0,
RINA,3.0,1.0,2.0
RITM-200,,1.0,
RMC,,1.0,
RR,,5.0,
RTE,,3.0,
RWE,,3.0,
RWE Power,,1.0,
Radiant,,4.0,
Radiant Industries,,6.0,
RadioMedix,,1.0,
Radioactive Waste Management (RWM) Limited,,1.0,
Rafako,,1.0,
Rajant,,1.0,
Ramboll,,2.0,
Raos Project,,1.0,1.0
Raten,,3.0,
Reactor Institute Delft,,1.0,
RealWear,,1.0,
Recumo,,1.0,
Redpath Deilmann GmbH,,1.0,
Regardie,,1.0,
Regnum Technology Group,,4.0,
Reimagined Ventures,,2.0,
Reinvent Energy,,1.0,
Renaissance Fusion,,2.0,
Research Institute of Atomic Reactors (NIIAR),,1.0,
Research Institute of Instruments,,1.0,
Research Instruments,,2.0,
Resolve Robotics,,1.0,
Respect Energy,,3.0,
Reuter-Stokes,,3.0,2.0
RhinoCorps,,1.0,
Ricardo Energy and Environment,,1.0,
Ringhals,,1.0,
Rio Tinto,,1.0,
Ritm,,1.0,
RoPower,3.0,5.0,
RoPower Nuclear,,8.0,
Rock Creek Innovations,,3.0,
Rockwell,,1.0,
Rolls,,1.0,
Rolls Royce Civil Nuclear I&C,,1.0,
Rolls-Royce LibertyWorks,,1.0,
Rolls-Royce SMR,41.0,139.0,24.0
Rolls-Royce SMR Limited,1.0,2.0,1.0
Romanian Atomic Forum,,1.0,
Rosatom,86.0,471.0,25.0
Rosatom (implied by the mention of Leningrad NPP),,1.0,
Rosatom (via RITM-200),,1.0,
Rosatom - Atomenergomash,,1.0,
Rosatom Energy Projects,,3.0,
Rosatom Engineering Division,,3.0,1.0
Rosatom State Corporation,,3.0,1.0
Rosatom Technical Academy,,1.0,
Rosatom's Atommash plant,,1.0,
Rosatom's TVEL,,1.0,1.0
Rosatom's fuel company TVEL,,5.0,1.0
Rosatom. Empresa Estatal de Energía Atómica Rusa,,1.0,
Rosatomflot,,2.0,
Rosatom’s mechanical engineering division Atomenergomash,,3.0,
Roscosmos,,1.0,
Roselectronics,,3.0,
Rosenergoatom,9.0,59.0,7.0
Rosenergoatom Concern,,2.0,
Rosgvardiya,2.0,1.0,
Rostekhnadzor,,10.0,3.0
Rothschild & Co,,1.0,
Royce,1.0,,
Rusatom Automated Control Systems (RASU),,5.0,
Rusatom Healthcare,,1.0,
Rusatom Overseas,,9.0,
Rusatom Overseas JSC (part of Rosatom),,1.0,
Rusatom Service,1.0,3.0,
Rusatom – International Network,,1.0,
Rusatom-ElectroTechMash JSC,,1.0,
Ruspolimet,,1.0,
Russia,1.0,7.0,1.0
Russia's TSS Group,,1.0,
Russian Defence Ministry,,1.0,
Russian Federation,,1.0,
Russian companies,,1.0,
Russian nuclear industry,1.0,,
Rütschi Fluid AG,2.0,1.0,
Rütschi Group,1.0,,
S&P Platts,,1.0,
SACE,,1.0,
SCC,1.0,5.0,
SCC Titan-2,1.0,2.0,
SCK CEN,,18.0,
SCS,,1.0,
SCX,,2.0,
SCX Special Projects,,1.0,
SE,,3.0,
SECIN,,1.0,
SFEN,,1.0,
SGE,1.0,2.0,
SGSC,,1.0,
SHINE,,2.0,
SHINE Technologies,,12.0,1.0
SIMSA,,2.0,
SINAP,,1.0,
SK,,4.0,
SK Ecoplant,1.0,2.0,
SK Inc,,3.0,
SK Innovation,,5.0,
SKB,,5.0,
SMART,,2.0,
SMART Power Company Ltd,,1.0,
SMBC Venture Capital Co,,1.0,
SMU 1 LLC,,1.0,
SN Nuclearelectricia (SNN),2.0,2.0,
SNC,,1.0,
SNC-Lavalin,2.0,22.0,1.0
SNC-Lavalin Group,1.0,6.0,
SNERDI,,1.0,
SNIIP,,1.0,
SNN,,7.0,
SNRIU,,3.0,
SOC,,1.0,
SOGAZ JSC,,1.0,
SPIC,1.0,3.0,
SPK FAYZ,,1.0,
SRNS,,2.0,
SRS,,1.0,
SRS Servizi Ricerche e Sviluppo,2.0,,
SSM,,1.0,
SSN,,1.0,
STFC RAL Space,,1.0,
STUK,,6.0,
SUAS Group,,4.0,
SUS,1.0,,
Saab,,3.0,
Saai,,1.0,
Saber Astronautics,,1.0,
Samruk-Kazyna,,2.0,
Samsung,,2.0,
Samsung C&T,,4.0,
Samsung C&T Corporation,,5.0,1.0
Samsung Heavy Industries,1.0,9.0,
Sandia,,1.0,
Sandia National Laboratories,,3.0,
Sarens,,1.0,
Sargent & Lundy,,5.0,1.0
SaskPower,5.0,13.0,2.0
Saskatchewan Research Council,,2.0,
Savannah River Mission Completion,,1.0,
Savannah River National Laboratory,,2.0,
Savannah River Nuclear Solutions,,2.0,
Savannah River Site,,1.0,
"Savannah River Site's Defense Waste Processing Facility is not a company, but West Valley Demonstration Project",,1.0,
Scana,,1.0,
Schneider Electric,,6.0,1.0
Schweitzer Engineering Laboratories,,1.0,
Scott Brownrigg,,1.0,
Scottish Environment Protection Agency,,2.0,
SeAH Besteel Co Ltd,,1.0,
Seaborg,1.0,17.0,
Seaborg Technologies,1.0,6.0,
Seddon Construction Ltd,,1.0,
Sefako,,2.0,
Segault,,2.0,
Segra Capital Management,,1.0,
Seligdar,,1.0,
Sellafield Ltd,,30.0,3.0
Setec,,1.0,
Setec TPI,,1.0,
Seth Twum-Akwaboah,,1.0,
Seven companies (unnamed),,1.0,
Severstal,,1.0,
Shandong Nuclear Power Company,,1.0,
Shanghai Boiler Works Limited,,3.0,
Shanghai Electric Group,,2.0,
Shanghai Electric Power Equipment Company,,2.0,
Shanghai Institute of Applied Physics (SINAP),,1.0,
Shanghai Nuclear Engineering Research and Design Institute,,9.0,
Shanghai Nuclear Labor Institute,,1.0,
Sheffield Forgemasters,2.0,8.0,1.0
Sheffield Forgemasters International (SFI),,1.0,
Shell,,1.0,
Shell Global Solutions,,1.0,
Shepherd Power,,1.0,
Shikoku,,1.0,
Shoreline Power Group,1.0,,
Siberian Chemical Combine,1.0,3.0,
Siberian Group of Chemical Enterprises,,1.0,
Siemens,,13.0,1.0
Siemens Energy,,2.0,
Siemens-Kraftwerk Union,,3.0,
Siemens/KWU,,2.0,
Silex,,6.0,
Silex Systems,,6.0,
Silex Systems Limited,,1.0,
Sinatom,,1.0,
Siteflow,,5.0,
Six companies,,1.0,
Sizewell C,,1.0,2.0
Skanska,,1.0,
Skanska Talonrakennus Oy,,1.0,
Skepast & Puhkim,,1.0,
Slovak Nuclear & Decommissioning Company (JAVYS),,2.0,
Slovak Power Holding BV,,2.0,
Slovenske Elektrarne,3.0,23.0,1.0
Smart Green Shipping (SGS),,1.0,
Smolensk NPP,,2.0,
Smolenskatomenergoremont (SAER),,1.0,
Societatea Națională Nuclearelectrica,,8.0,
Sogin,,6.0,
Sokolovska Uhelna,1.0,2.0,
Solexperts,,1.0,
Somet,,1.0,
South African Atomic Energy Corporation (Necsa),,1.0,
South Korea,,5.0,
South Korea's state-owned nuclear developer,,1.0,
Southern,,2.0,
Southern California Edison,,3.0,
Southern Company,3.0,23.0,3.0
Southern Company Services,,1.0,
Southern Nuclear,2.0,18.0,
Southern Nuclear Operating Company,,2.0,
"Southwest Institute of Physics (SWIP), China National Nuclear Corporation (CNNC)",,1.0,
Southwestern Institute of Physics,,3.0,
SpaceX,,1.0,
Spent Fuel Reprocessing Agency,,1.0,
Spring Valley Acquisition Corp,,,2.0
Springfields,,2.0,
Springfields Fuels Limited,,4.0,
Sprott,,1.0,
Sprott Uranium Trust,,1.0,
St. Louis University,,1.0,
Standard Power,,4.0,1.0
Star 2 Star Communications,,1.0,
Starfire Energy,,1.0,
State Council of China,,1.0,
State Development & Investment Corporation,,1.0,
State Enterprise Eastern Mining and Processing Plant (SE VostokGOK),,1.0,
State Nuclear Regulatory Inspectorate of Ukraine (SNRIU),,2.0,
State Power Investment Corporation,1.0,7.0,
State Power Investment Northeast Electric Power Company,,1.0,
State Scientific & Technical Centre for Nuclear & Radiation Safety (SSTCNRS),,3.0,
Statnett,,1.0,
Statsbygg,,1.0,
Steady Energy,3.0,10.0,3.0
Steel Atlas,,1.0,
Stellarex,,5.0,
Stellaria,,7.0,
Steve Vick International (SVI),,2.0,
Stimson Center,,1.0,
Strana Rosatom,,1.0,
Strata Energy,,1.0,
Strategic Innovation Fund,,1.0,
Stratek Global,,1.0,
Structural Integrity Associates,,1.0,
Studsvik,1.0,6.0,
Studsvik Scandpower,,3.0,
Sufa Technology Industrial Company (STIC),,2.0,
Sumitomo Corporation,1.0,1.0,
Sumitomo Corporation of Americas,,2.0,
Summa Linguae S.A.,,1.0,
Summa Linguae Technologies,,1.0,
Sunderland City Council,,1.0,
SuperPower,,1.0,
Supracon,,1.0,
Svensk Kärnbränslehantering (SKB),,5.0,
Svenska Kraftnat,,2.0,
Swedish Radiation Safety Authority,,1.0,
Sydkraft,,1.0,
Synthos,2.0,5.0,
Synthos Green,,1.0,
Synthos Group,,,1.0
Syzran Tyazhmash,,1.0,
T2IC,,1.0,
TANICS,,1.0,
TAU Systems,,1.0,
TC Energy,,3.0,1.0
TDA,,1.0,
TIFF Investment Management,,2.0,
TINT,,1.0,
TITAN 2 IJ INSHAAT,,1.0,
TITAN-2 (part of Rosatom),1.0,,
TM INOX,,1.0,
TRANSCO,,1.0,
TRINITI,,2.0,1.0
TRISO,,1.0,
TRIUMF,,3.0,
TRIUMF Innovations,,2.0,
TSM,,1.0,
TSM Enerji,1.0,3.0,
TSM Enerji Insaat Sanayi Limited Sirketi,,3.0,
TSOs,,1.0,
TU Bergakademie Freiberg,,1.0,
TU Delft,,1.0,
TUK PGB,,1.0,
TUM,,,1.0
TUW – Towarzystwo Ubezpieczeń Wzajemnych,,1.0,
TVA,,9.0,
TVEL,7.0,82.0,6.0
TVEL Fuel Company,,3.0,
TVO,1.0,13.0,2.0
TVO Nuclear Services,4.0,2.0,
TVONS,,1.0,
TWI,4.0,1.0,
Talen,,1.0,
Talen Energy,,1.0,
Tata Consulting Engineers Limited,,2.0,
Taylor Geospatial Institute,,1.0,
Taylor Woodrow,,1.0,
Teathers Financial,,1.0,
TechnicAtome,2.0,7.0,1.0
Technical University of Bratislava,1.0,,
Technip Energies,,2.0,
Technored,,2.0,
Techsnabexport (Tenex),1.0,,
Tecnatom,,1.0,
Tecnatom USA,,1.0,
Tecniark,,1.0,
Tecnimont,2.0,2.0,
Tekhsnabexport,,2.0,
Teledyne Brown Engineering,,3.0,
Teledyne UK Ltd,,1.0,
Telefonika Kable,,1.0,
Teletrix,,2.0,
Tenex,,4.0,1.0
Tennessee Authority Valley,2.0,10.0,1.0
Teollisuuden Voima Oyj (TVO),5.0,22.0,4.0
Tepco,,31.0,1.0
Tepco Holdings Co Ltd,,1.0,
Teplárny Brno,,2.0,
Terex-Demag,1.0,,
Terra Praxis,,1.0,
TerraPower,8.0,78.0,6.0
TerraPower Isotopes,,1.0,
TerraPraxis,,2.0,
Terrafame,,1.0,
Terrestrial Energy,4.0,26.0,2.0
Texas A&M,,1.0,
Texas A&M University,,3.0,
Thales,,1.0,
The Nuclear Container Corporation,,1.0,
The Open University,,1.0,
The Society of United Professionals,,,1.0
The VG Khlopin Radium Institute,,1.0,
Therizon,,14.0,
Thermal Engineering International (USA) Inc.,,3.0,
Third Qinshan Nuclear Power Co (TQNPC),,1.0,
Thomas Thor,,2.0,
ThorCon,,12.0,1.0
Thyssen Schachtbau GmbH Germany,,1.0,
Tia Logistics,,1.0,
Tiny Supercomputer Investment Co.,,1.0,
Titan 2 IC Ictas,,1.0,
Titan Abrasive Systems,,1.0,
Titan-2,2.0,7.0,
Titan2 IC Içtaş Inşaat Anonim Şirketi,,2.0,
Tohoku Electric,,1.0,
Tohoku Electric Power Co,,4.0,
Tokamak Energy,4.0,12.0,
Tokyo,,1.0,
"Tokyo Electric Power Co (Tepco), International Atomic Energy Agency (IAEA)",,1.0,
Tokyo Electric Power Company (Tepco),,15.0,2.0
Tokyo Electric Power Holdings (Tepco),2.0,9.0,1.0
Tokyo Shimbun,,1.0,
Tomsk Polytechnic University,,1.0,
Tony Florence,,1.0,
Topsoe,,6.0,
Torch Technologies,,1.0,
Tornado,,1.0,
Toshiba,,3.0,2.0
Toshiba America Energy Systems Corporation,,1.0,
Toshiba Corp,,1.0,
Toshiba Energy Systems & Solutions Corporation,,1.0,
Tosto Group,3.0,1.0,
Tractebel,3.0,26.0,1.0
Tractebel Engineering,,3.0,
TransAlta,,3.0,
TransAlta Corporation,,2.0,
Transmutex SA,,3.0,
Transrad,,3.0,
Trest RosSEM LLC,2.0,2.0,1.0
TrestRosSEM,,1.0,
Triga International,,7.0,
Trillium Flow Technologies,,1.0,
Triso-X,1.0,9.0,
Tritec,,1.0,
Tru7 Group,,1.0,
TsKBM,1.0,2.0,
Tsinghua University,,1.0,1.0
Turner & Townsend,,1.0,
Twinleaf LLC,,1.0,
Type One Energy,,2.0,
TÜV SÜD,,2.0,
U-Battery Developments,,1.0,
UAM,,1.0,
UAMPS LLC,,1.0,
UCC UK Ltd,,2.0,
UCOR,,6.0,
UDC,,2.0,
UDC UGR,,2.0,
UECC,,1.0,
UJD,,1.0,
UJD – Úrad jadrového dozoru,,1.0,
UJV,,1.0,
UJV REZ,,2.0,
UK,,2.0,
UK Atomic Energy Authority,3.0,7.0,
UK Atomic Energy Authority (UKAEA),,14.0,1.0
"UK Atomic Energy Authority (UKAEA), Nuclear Industry Association (NIA)",,1.0,
UK Atomics,,2.0,
UK Industrial Fusion Solutions Ltd,,2.0,
UK Space Agency,,1.0,
UKAEA,,18.0,1.0
UKIFS,,1.0,
UKRI,,1.0,
ULC-Energy,2.0,8.0,1.0
UMP,,1.0,
UMZ,,2.0,
UNC,,2.0,
UNITY,,1.0,
URSJN,,1.0,
US,,3.0,
US DOE,,1.0,
US Defense Department,,1.0,
US Department of Commerce,,1.0,1.0
US Department of Energy,2.0,26.0,1.0
US Department of Energy (DOE) Office of Environmental Management (EM),,1.0,
US Department of Energy's Office of Nuclear Energy,,1.0,
US EXIM,,1.0,
US Exim Bank,,9.0,
US Export-Import (Exim) Bank,,4.0,
US FUSION & Specialty Construction,,1.0,
US International Development Finance Corporation,,2.0,
US NRC,,2.0,
US Nuclear Industry Council,,,1.0
US Nuclear Regulatory Commission,,14.0,
US Oklo,1.0,,
US Public Service Enterprise Group,,1.0,
US Reactor Forging Consortium,,1.0,
US Space Nuclear Power Corporation,,1.0,
US Steel,,1.0,
US Steel Košice,2.0,2.0,
US Uranium Energy,,1.0,
US-based Clean Core Thorium Energy,,1.0,
US-based Global Nuclear Fuel-Americas,1.0,1.0,
USA,,2.0,
USA Department of State,,1.0,
USACE,,2.0,
USEC,,1.0,
USN,,1.0,
USNC,8.0,65.0,2.0
USNC-Framatome,,1.0,
USNC-UK Ltd,,1.0,
USTDA,,7.0,
UUSA,,1.0,
UVC Partners,,2.0,
UZWIL,,1.0,
Uamps,1.0,3.0,1.0
Ukrgasbank,,1.0,
Ulba FA,,1.0,
Ulba Metallurgical Plant,,1.0,
Ulba-FA LLP,,1.0,
Ulba-TVS,,1.0,
Underwater Construction Corporation,,1.0,
Unibep SA,,1.0,
Unimot,,1.0,
Union Carbide,,1.0,
Union Fenosa,,1.0,
Union Pacific Railroad,,1.0,
Union Square Ventures,,1.0,
Union of Concerned Scientists,,1.0,
Uniper,,4.0,1.0
Uniper Nuclear Services GmbH,,1.0,
Uniserv,,1.0,
United Engineers & Constructors,1.0,2.0,
United Kingdom Atomic Energy Authority,,2.0,
United Nuclear Corporation (UNC),,1.0,
United Shipbuilding Corporation,,2.0,
United States,,3.0,
United States Enrichment Corporation (USEC),,,1.0
United States Trade and Development Agency,,2.0,
United constructions,,1.0,
University of Birmingham,,1.0,
University of Bristol,,2.0,
University of Cambridge,,1.0,
University of Florida,,1.0,
University of Illinois,,1.0,
University of Manchester,1.0,4.0,
University of Missouri – Columbia,,1.0,
University of Nevada,,1.0,
University of New South Wales,,1.0,
University of Sheffield,,1.0,1.0
University of Strathclyde,,1.0,
Uppsala University,,2.0,1.0
Ural Federal University,,2.0,
Uralatomenergoremont,,2.0,
Uranium Energy Corp,,2.0,
Urenco,1.0,55.0,3.0
Urenco Limited,,3.0,
Urenco Nederland,,1.0,
Urenco UK,1.0,2.0,
Urenco USA,1.0,4.0,
Urânio do Brasil,,1.0,
Utah Associated Municipal Power Systems (Uamps),,8.0,
UxC,,1.0,
Uzatom,,2.0,
Uzatom Agency,,1.0,
Uzbek Navoiyuran,,1.0,
V/O Izotop JSC,,3.0,
VCP Capital,,1.0,
VNIIAES,,2.0,
VNIINM,,4.0,
VNIPIET,,1.0,
VNS UK,,1.0,
VTT,,5.0,1.0
VTT Technical Research Centre of Finland,1.0,3.0,
VUJE,1.0,7.0,1.0
VVER,,1.0,
Vaalputs,,1.0,
Vattenfall,4.0,25.0,3.0
Velan,,1.0,
Velan SAS,,1.0,
Veolia,,3.0,
Veolia Group,,1.0,
Veolia KDC Decommissioning Services,,1.0,
Veolia Nuclear Solutions (VNS),,3.0,
Vertical Future,,1.0,
Verve Ventures,,1.0,
Vessco,,1.0,
Vessco Engineering,,1.0,
Viaro Energy,1.0,,
Vietnam Atomic Energy Institute (VinAtom),,1.0,
Vinci Construction Grands Projects,,1.0,
Virial,,1.0,
Vistra,,5.0,
Vistra Operations Company,,1.0,
Vistra Vision,,2.0,
Vital Energi,,1.0,
Voalte,,1.0,
Vogtle,,1.0,1.0
Vulcain Engineering,,1.0,
Vulcan Burners,,2.0,1.0
WANO,,1.0,
WANO MC,,1.0,
WEC,,1.0,1.0
WEC Group,,1.0,
WESEE,,1.0,
WPIL Limited,,1.0,
WSDE,,1.0,
WSP,,2.0,
WSP Environmental,,3.0,
Walco Industries Ltd,,2.0,
Wall St,,1.0,
Walsh Engineering,,2.0,1.0
Walter Tosto,,1.0,
Waste Control Specialists,,3.0,
Welsh Government,,1.0,
West Cumberland Engineering,,1.0,
Western Gateway,,1.0,
Western Service Corporation,,1.0,
Westfälische Wilhelms-Universität Münster,,1.0,
Westinghouse,44.0,364.0,34.0
Westinghouse (BWRX 300),,1.0,
"Westinghouse (parent company of Westinghouse Electric Company, which developed the AP-1000)",,1.0,
Westinghouse Electric,2.0,27.0,
Westinghouse Electric UK Limited,,1.0,
Westinghouse Government Services (WGS),,1.0,
Westinghouse Nuclear,,1.0,
Westinghouse Operating Plant Services,,3.0,
Westinghouse Springfields,,2.0,
Westinghouse Sweden,,1.0,
Wilbe Group,,2.0,
Wolf Creek Nuclear Operating Corporation,,1.0,
Wolverine,,1.0,
Wolverine Power Cooperative,,2.0,
Womble Bond Dickson,,1.0,
Women in Nuclear UK,,1.0,
Wood,,1.0,
Wood & Company,,1.0,
Wood Mackenzie,,2.0,
Wooyang Merchant Marine,,,1.0
World Association of Nuclear Operators (WANO),,2.0,
World Bank,,1.0,
World Nuclear Association,,5.0,1.0
Worldgrid,,2.0,
Wälischmiller Engineering,,1.0,
Wärtsilä Finland Oy,,1.0,
X-Energy,25.0,100.0,8.0
X-Energy Canada,1.0,1.0,
X-energy (Xe-100),,1.0,
X-energy Canada,,1.0,
X-energy UK Holdings,1.0,2.0,
"X-energy, LLC",,1.0,
XCAM Ltd,,1.0,
Xcel,,2.0,
Xcel Energy,,8.0,2.0
Xi'an Nuclear Equipment Co Ltd,,1.0,
Y-12 National Security Complex,,3.0,
YIT Suomi Oy,,1.0,
YRYS-Expert-Kurylys,,1.0,
Yellow Cake,,1.0,
Yellowcake,,2.0,
Yes VC,,1.0,
YouGov,,,1.0
ZAO Cyclotron,,1.0,
ZEPAK,,2.0,
ZKS Ferrum,,1.0,
ZNPP,,2.0,2.0
ZNPP EO JSC,,1.0,
ZPUE,,1.0,
ZRE,,1.0,
ZRE Katowice,,1.0,
Zachry Group,,1.0,
Zachry Nuclear Engineering,,1.0,
Zap Energy,,3.0,
Zaporizhia NPP,,2.0,
Zarmen,,1.0,
Ze Pak,2.0,9.0,1.0
Zeno Power,,2.0,
Zespół Elektrowni Pątnów-Adam-Konin SA,,1.0,
Zhongyuan,,1.0,
ZiO-Podolsk,,5.0,
ZionSolutions,,1.0,
Zodiac Maritime,,1.0,
Zurich-based ABB,,1.0,
Zwilag,,1.0,
cloud service providers,,1.0,
e-Vinci,,1.0,
eVinci Technologies,,1.0,
newcleo,24.0,24.0,1.0
nucleareurope,,6.0,1.0
oculavis,,1.0,
partner/supplier,,1.0,
plant supplier,,1.0,
redalpine,,1.0,
terratec geophysical services GmbH & Co,,1.0,
École Polytechnique de Montréal,,1.0,
Électricité de France (EDF),,12.0,
Ørsted,,1.0,
Østfold Energi,2.0,3.0,
ÚJV Rež,,,1.0
ÚJV Rež Research and Development,,1.0,
ÚJV Řež,,2.0,
ČEZ Group,,4.0,
ŠKODA JS,,5.0,
Škoda,,1.0,
Škoda Praha,,2.0,1.0
